Player,Risk_Level,Key_Insights,Insights_Summary
Nika Mühl,EXTREME,"['EXTREME volatility in PTS (CV: 3.162)', 'EXTREME volatility in REB (CV: 1.165)', 'EXTREME volatility in AST (CV: 2.108)', 'EXTREME volatility in STL (CV: 2.108)', 'EXTREME volatility in FGM (CV: 3.162)']",EXTREME volatility in PTS (CV: 3.162) | EXTREME volatility in REB (CV: 1.165) | EXTREME volatility in AST (CV: 2.108) | EXTREME volatility in STL (CV: 2.108) | EXTREME volatility in FGM (CV: 3.162)
Moriah Jefferson,EXTREME,"['EXTREME volatility in PTS (CV: 1.656)', 'EXTREME volatility in REB (CV: 2.160)', 'EXTREME volatility in AST (CV: 0.623)', 'EXTREME volatility in STL (CV: 3.162)', 'EXTREME volatility in FG3M (CV: 3.162)', 'EXTREME volatility in FGM (CV: 2.108)', 'EXTREME volatility in FTM (CV: 3.162)']",EXTREME volatility in PTS (CV: 1.656) | EXTREME volatility in REB (CV: 2.160) | EXTREME volatility in AST (CV: 0.623) | EXTREME volatility in STL (CV: 3.162) | EXTREME volatility in FG3M (CV: 3.162) | EXTREME volatility in FGM (CV: 2.108) | EXTREME volatility in FTM (CV: 3.162)
Morgan Bertsch,EXTREME,"['EXTREME volatility in PTS (CV: 1.333)', 'EXTREME volatility in REB (CV: 0.834)', 'EXTREME volatility in AST (CV: 3.162)', 'EXTREME volatility in STL (CV: 3.162)', 'EXTREME volatility in BLK (CV: 3.162)', 'EXTREME volatility in FG3M (CV: 2.108)', 'EXTREME volatility in FGM (CV: 1.414)', 'EXTREME volatility in FTM (CV: 2.024)']",EXTREME volatility in PTS (CV: 1.333) | EXTREME volatility in REB (CV: 0.834) | EXTREME volatility in AST (CV: 3.162) | EXTREME volatility in STL (CV: 3.162) | EXTREME volatility in BLK (CV: 3.162) | EXTREME volatility in FG3M (CV: 2.108) | EXTREME volatility in FGM (CV: 1.414) | EXTREME volatility in FTM (CV: 2.024)
Lou Lopez Sénéchal,EXTREME,"['EXTREME volatility in PTS (CV: 2.108)', 'EXTREME volatility in REB (CV: 2.250)', 'EXTREME volatility in AST (CV: 2.108)', 'EXTREME volatility in STL (CV: 2.108)', 'EXTREME volatility in FGM (CV: 2.108)']",EXTREME volatility in PTS (CV: 2.108) | EXTREME volatility in REB (CV: 2.250) | EXTREME volatility in AST (CV: 2.108) | EXTREME volatility in STL (CV: 2.108) | EXTREME volatility in FGM (CV: 2.108)
Stephanie Soares,EXTREME,"['EXTREME volatility in PTS (CV: 1.656)', 'EXTREME volatility in REB (CV: 0.838)', 'EXTREME volatility in STL (CV: 3.162)', 'EXTREME volatility in BLK (CV: 2.108)', 'EXTREME volatility in FG3M (CV: 3.162)', 'EXTREME volatility in FGM (CV: 1.610)']",EXTREME volatility in PTS (CV: 1.656) | EXTREME volatility in REB (CV: 0.838) | EXTREME volatility in STL (CV: 3.162) | EXTREME volatility in BLK (CV: 2.108) | EXTREME volatility in FG3M (CV: 3.162) | EXTREME volatility in FGM (CV: 1.610)
Laeticia Amihere,EXTREME,"['EXTREME volatility in PTS (CV: 1.355)', 'EXTREME volatility in REB (CV: 1.592)', 'EXTREME volatility in AST (CV: 1.610)', 'EXTREME volatility in STL (CV: 3.162)', 'EXTREME volatility in BLK (CV: 3.162)', 'EXTREME volatility in FGM (CV: 1.414)', 'EXTREME volatility in FTM (CV: 2.108)']",EXTREME volatility in PTS (CV: 1.355) | EXTREME volatility in REB (CV: 1.592) | EXTREME volatility in AST (CV: 1.610) | EXTREME volatility in STL (CV: 3.162) | EXTREME volatility in BLK (CV: 3.162) | EXTREME volatility in FGM (CV: 1.414) | EXTREME volatility in FTM (CV: 2.108)
Astou Ndour-Fall,EXTREME,"['EXTREME volatility in PTS (CV: 1.523)', 'EXTREME volatility in REB (CV: 0.631)', 'EXTREME volatility in AST (CV: 3.162)', 'EXTREME volatility in BLK (CV: 3.162)', 'EXTREME volatility in FGM (CV: 1.610)', 'EXTREME volatility in FTM (CV: 2.250)']",EXTREME volatility in PTS (CV: 1.523) | EXTREME volatility in REB (CV: 0.631) | EXTREME volatility in AST (CV: 3.162) | EXTREME volatility in BLK (CV: 3.162) | EXTREME volatility in FGM (CV: 1.610) | EXTREME volatility in FTM (CV: 2.250)
Alissa Pili,EXTREME,"['EXTREME volatility in PTS (CV: 1.466)', 'EXTREME volatility in REB (CV: 0.846)', 'EXTREME volatility in AST (CV: 3.162)', 'EXTREME volatility in STL (CV: 2.250)', 'EXTREME volatility in FG3M (CV: 2.108)', 'EXTREME volatility in FGM (CV: 1.845)', 'EXTREME volatility in FTM (CV: 1.748)']",EXTREME volatility in PTS (CV: 1.466) | EXTREME volatility in REB (CV: 0.846) | EXTREME volatility in AST (CV: 3.162) | EXTREME volatility in STL (CV: 2.250) | EXTREME volatility in FG3M (CV: 2.108) | EXTREME volatility in FGM (CV: 1.845) | EXTREME volatility in FTM (CV: 1.748)
Liz Dixon,EXTREME,"['EXTREME volatility in PTS (CV: 1.610)', 'EXTREME volatility in REB (CV: 1.110)', 'EXTREME volatility in AST (CV: 2.108)', 'EXTREME volatility in BLK (CV: 2.108)', 'EXTREME volatility in FGM (CV: 1.291)', 'EXTREME volatility in FTM (CV: 3.162)']",EXTREME volatility in PTS (CV: 1.610) | EXTREME volatility in REB (CV: 1.110) | EXTREME volatility in AST (CV: 2.108) | EXTREME volatility in BLK (CV: 2.108) | EXTREME volatility in FGM (CV: 1.291) | EXTREME volatility in FTM (CV: 3.162)
Katie Lou Samuelson,EXTREME,"['EXTREME volatility in PTS (CV: 2.003)', 'EXTREME volatility in REB (CV: 0.975)', 'EXTREME volatility in AST (CV: 1.000)', 'EXTREME volatility in STL (CV: 2.250)', 'EXTREME volatility in BLK (CV: 2.108)', 'EXTREME volatility in FG3M (CV: 2.250)', 'EXTREME volatility in FGM (CV: 2.415)', 'EXTREME volatility in FTM (CV: 2.160)']",EXTREME volatility in PTS (CV: 2.003) | EXTREME volatility in REB (CV: 0.975) | EXTREME volatility in AST (CV: 1.000) | EXTREME volatility in STL (CV: 2.250) | EXTREME volatility in BLK (CV: 2.108) | EXTREME volatility in FG3M (CV: 2.250) | EXTREME volatility in FGM (CV: 2.415) | EXTREME volatility in FTM (CV: 2.160)
Crystal Dangerfield,EXTREME,"['EXTREME volatility in PTS (CV: 1.305)', 'EXTREME volatility in REB (CV: 1.646)', 'EXTREME volatility in AST (CV: 1.054)', 'EXTREME volatility in STL (CV: 3.162)', 'EXTREME volatility in FG3M (CV: 1.610)', 'EXTREME volatility in FGM (CV: 1.317)', 'EXTREME volatility in FTM (CV: 3.162)']",EXTREME volatility in PTS (CV: 1.305) | EXTREME volatility in REB (CV: 1.646) | EXTREME volatility in AST (CV: 1.054) | EXTREME volatility in STL (CV: 3.162) | EXTREME volatility in FG3M (CV: 1.610) | EXTREME volatility in FGM (CV: 1.317) | EXTREME volatility in FTM (CV: 3.162)
Kiana Williams,EXTREME,"['EXTREME volatility in PTS (CV: 1.610)', 'EXTREME volatility in REB (CV: 3.162)', 'EXTREME volatility in AST (CV: 1.414)', 'EXTREME volatility in FG3M (CV: 1.610)', 'EXTREME volatility in FGM (CV: 1.610)']",EXTREME volatility in PTS (CV: 1.610) | EXTREME volatility in REB (CV: 3.162) | EXTREME volatility in AST (CV: 1.414) | EXTREME volatility in FG3M (CV: 1.610) | EXTREME volatility in FGM (CV: 1.610)
Lexie Brown,EXTREME,"['EXTREME volatility in PTS (CV: 1.773)', 'EXTREME volatility in REB (CV: 1.414)', 'EXTREME volatility in AST (CV: 1.700)', 'EXTREME volatility in STL (CV: 1.414)', 'EXTREME volatility in FG3M (CV: 2.250)', 'EXTREME volatility in FGM (CV: 2.415)', 'EXTREME volatility in FTM (CV: 2.160)']",EXTREME volatility in PTS (CV: 1.773) | EXTREME volatility in REB (CV: 1.414) | EXTREME volatility in AST (CV: 1.700) | EXTREME volatility in STL (CV: 1.414) | EXTREME volatility in FG3M (CV: 2.250) | EXTREME volatility in FGM (CV: 2.415) | EXTREME volatility in FTM (CV: 2.160)
Brianna Turner,EXTREME,"['EXTREME volatility in PTS (CV: 1.757)', 'EXTREME volatility in REB (CV: 1.205)', 'EXTREME volatility in AST (CV: 1.430)', 'EXTREME volatility in STL (CV: 2.108)', 'EXTREME volatility in BLK (CV: 1.513)', 'EXTREME volatility in FGM (CV: 1.911)', 'EXTREME volatility in FTM (CV: 3.162)']",EXTREME volatility in PTS (CV: 1.757) | EXTREME volatility in REB (CV: 1.205) | EXTREME volatility in AST (CV: 1.430) | EXTREME volatility in STL (CV: 2.108) | EXTREME volatility in BLK (CV: 1.513) | EXTREME volatility in FGM (CV: 1.911) | EXTREME volatility in FTM (CV: 3.162)
Michaela Onyenwere,EXTREME,"['EXTREME volatility in PTS (CV: 0.975)', 'EXTREME volatility in REB (CV: 1.054)', 'EXTREME volatility in AST (CV: 1.291)', 'EXTREME volatility in STL (CV: 2.108)', 'EXTREME volatility in BLK (CV: 3.162)', 'EXTREME volatility in FG3M (CV: 2.250)', 'EXTREME volatility in FGM (CV: 0.904)', 'EXTREME volatility in FTM (CV: 3.162)']",EXTREME volatility in PTS (CV: 0.975) | EXTREME volatility in REB (CV: 1.054) | EXTREME volatility in AST (CV: 1.291) | EXTREME volatility in STL (CV: 2.108) | EXTREME volatility in BLK (CV: 3.162) | EXTREME volatility in FG3M (CV: 2.250) | EXTREME volatility in FGM (CV: 0.904) | EXTREME volatility in FTM (CV: 3.162)
Isabelle Harrison,EXTREME,"['EXTREME volatility in PTS (CV: 1.156)', 'EXTREME volatility in REB (CV: 0.849)', 'EXTREME volatility in AST (CV: 0.986)', 'EXTREME volatility in STL (CV: 2.160)', 'EXTREME volatility in BLK (CV: 3.162)', 'EXTREME volatility in FG3M (CV: 2.108)', 'EXTREME volatility in FGM (CV: 1.136)', 'EXTREME volatility in FTM (CV: 3.162)']",EXTREME volatility in PTS (CV: 1.156) | EXTREME volatility in REB (CV: 0.849) | EXTREME volatility in AST (CV: 0.986) | EXTREME volatility in STL (CV: 2.160) | EXTREME volatility in BLK (CV: 3.162) | EXTREME volatility in FG3M (CV: 2.108) | EXTREME volatility in FGM (CV: 1.136) | EXTREME volatility in FTM (CV: 3.162)
Shatori Walker-Kimbrough,EXTREME,"['EXTREME volatility in PTS (CV: 1.557)', 'EXTREME volatility in REB (CV: 1.024)', 'EXTREME volatility in AST (CV: 1.176)', 'EXTREME volatility in STL (CV: 2.108)', 'EXTREME volatility in BLK (CV: 1.405)', 'EXTREME volatility in FG3M (CV: 2.250)', 'EXTREME volatility in FGM (CV: 1.646)', 'EXTREME volatility in FTM (CV: 3.162)']",EXTREME volatility in PTS (CV: 1.557) | EXTREME volatility in REB (CV: 1.024) | EXTREME volatility in AST (CV: 1.176) | EXTREME volatility in STL (CV: 2.108) | EXTREME volatility in BLK (CV: 1.405) | EXTREME volatility in FG3M (CV: 2.250) | EXTREME volatility in FGM (CV: 1.646) | EXTREME volatility in FTM (CV: 3.162)
Kierstan Bell,EXTREME,"['EXTREME volatility in PTS (CV: 1.285)', 'EXTREME volatility in REB (CV: 0.964)', 'EXTREME volatility in AST (CV: 1.936)', 'EXTREME volatility in STL (CV: 3.162)', 'EXTREME volatility in BLK (CV: 2.108)', 'EXTREME volatility in FG3M (CV: 1.291)', 'EXTREME volatility in FGM (CV: 1.247)', 'EXTREME volatility in FTM (CV: 2.250)']",EXTREME volatility in PTS (CV: 1.285) | EXTREME volatility in REB (CV: 0.964) | EXTREME volatility in AST (CV: 1.936) | EXTREME volatility in STL (CV: 3.162) | EXTREME volatility in BLK (CV: 2.108) | EXTREME volatility in FG3M (CV: 1.291) | EXTREME volatility in FGM (CV: 1.247) | EXTREME volatility in FTM (CV: 2.250)
Li Yueru,EXTREME,"['EXTREME volatility in PTS (CV: 0.820)', 'EXTREME volatility in REB (CV: 0.894)', 'EXTREME volatility in AST (CV: 2.108)', 'EXTREME volatility in STL (CV: 3.162)', 'EXTREME volatility in FG3M (CV: 3.162)', 'EXTREME volatility in FGM (CV: 1.176)', 'EXTREME volatility in FTM (CV: 1.088)']",EXTREME volatility in PTS (CV: 0.820) | EXTREME volatility in REB (CV: 0.894) | EXTREME volatility in AST (CV: 2.108) | EXTREME volatility in STL (CV: 3.162) | EXTREME volatility in FG3M (CV: 3.162) | EXTREME volatility in FGM (CV: 1.176) | EXTREME volatility in FTM (CV: 1.088)
Lucy Olsen,EXTREME,"['EXTREME volatility in PTS (CV: 0.710)', 'EXTREME volatility in REB (CV: 1.512)', 'EXTREME volatility in AST (CV: 1.291)', 'EXTREME volatility in STL (CV: 3.162)', 'EXTREME volatility in BLK (CV: 3.162)', 'EXTREME volatility in FG3M (CV: 1.414)', 'EXTREME volatility in FGM (CV: 0.667)', 'EXTREME volatility in FTM (CV: 2.250)']",EXTREME volatility in PTS (CV: 0.710) | EXTREME volatility in REB (CV: 1.512) | EXTREME volatility in AST (CV: 1.291) | EXTREME volatility in STL (CV: 3.162) | EXTREME volatility in BLK (CV: 3.162) | EXTREME volatility in FG3M (CV: 1.414) | EXTREME volatility in FGM (CV: 0.667) | EXTREME volatility in FTM (CV: 2.250)
Diamond Miller,EXTREME,"['EXTREME volatility in PTS (CV: 1.423)', 'EXTREME volatility in REB (CV: 1.537)', 'EXTREME volatility in AST (CV: 1.419)', 'EXTREME volatility in STL (CV: 3.162)', 'EXTREME volatility in FG3M (CV: 1.610)', 'EXTREME volatility in FGM (CV: 1.430)', 'EXTREME volatility in FTM (CV: 1.693)']",EXTREME volatility in PTS (CV: 1.423) | EXTREME volatility in REB (CV: 1.537) | EXTREME volatility in AST (CV: 1.419) | EXTREME volatility in STL (CV: 3.162) | EXTREME volatility in FG3M (CV: 1.610) | EXTREME volatility in FGM (CV: 1.430) | EXTREME volatility in FTM (CV: 1.693)
Marquesha Davis,EXTREME,"['EXTREME volatility in PTS (CV: 1.165)', 'EXTREME volatility in REB (CV: 1.610)', 'EXTREME volatility in AST (CV: 1.610)', 'EXTREME volatility in BLK (CV: 2.108)', 'EXTREME volatility in FGM (CV: 2.250)', 'EXTREME volatility in FTM (CV: 1.610)']",EXTREME volatility in PTS (CV: 1.165) | EXTREME volatility in REB (CV: 1.610) | EXTREME volatility in AST (CV: 1.610) | EXTREME volatility in BLK (CV: 2.108) | EXTREME volatility in FGM (CV: 2.250) | EXTREME volatility in FTM (CV: 1.610)
Mikiah Herbert Harrigan,EXTREME,"['EXTREME volatility in PTS (CV: 1.076)', 'EXTREME volatility in REB (CV: 1.385)', 'EXTREME volatility in AST (CV: 1.748)', 'EXTREME volatility in STL (CV: 1.748)', 'EXTREME volatility in BLK (CV: 3.162)', 'EXTREME volatility in FG3M (CV: 1.748)', 'EXTREME volatility in FGM (CV: 1.024)', 'EXTREME volatility in FTM (CV: 1.792)']",EXTREME volatility in PTS (CV: 1.076) | EXTREME volatility in REB (CV: 1.385) | EXTREME volatility in AST (CV: 1.748) | EXTREME volatility in STL (CV: 1.748) | EXTREME volatility in BLK (CV: 3.162) | EXTREME volatility in FG3M (CV: 1.748) | EXTREME volatility in FGM (CV: 1.024) | EXTREME volatility in FTM (CV: 1.792)
JJ Quinerly,EXTREME,"['EXTREME volatility in PTS (CV: 1.325)', 'EXTREME volatility in REB (CV: 1.419)', 'EXTREME volatility in AST (CV: 1.165)', 'EXTREME volatility in STL (CV: 1.054)', 'EXTREME volatility in BLK (CV: 3.162)', 'EXTREME volatility in FG3M (CV: 2.108)', 'EXTREME volatility in FGM (CV: 1.205)', 'EXTREME volatility in FTM (CV: 2.160)']",EXTREME volatility in PTS (CV: 1.325) | EXTREME volatility in REB (CV: 1.419) | EXTREME volatility in AST (CV: 1.165) | EXTREME volatility in STL (CV: 1.054) | EXTREME volatility in BLK (CV: 3.162) | EXTREME volatility in FG3M (CV: 2.108) | EXTREME volatility in FGM (CV: 1.205) | EXTREME volatility in FTM (CV: 2.160)
Joyner Holmes,EXTREME,"['EXTREME volatility in PTS (CV: 1.067)', 'EXTREME volatility in REB (CV: 1.268)', 'EXTREME volatility in AST (CV: 1.105)', 'EXTREME volatility in STL (CV: 2.108)', 'EXTREME volatility in BLK (CV: 2.108)', 'EXTREME volatility in FG3M (CV: 2.108)', 'EXTREME volatility in FGM (CV: 1.176)', 'EXTREME volatility in FTM (CV: 2.415)']",EXTREME volatility in PTS (CV: 1.067) | EXTREME volatility in REB (CV: 1.268) | EXTREME volatility in AST (CV: 1.105) | EXTREME volatility in STL (CV: 2.108) | EXTREME volatility in BLK (CV: 2.108) | EXTREME volatility in FG3M (CV: 2.108) | EXTREME volatility in FGM (CV: 1.176) | EXTREME volatility in FTM (CV: 2.415)
Jaelyn Brown,EXTREME,"['EXTREME volatility in PTS (CV: 1.155)', 'EXTREME volatility in REB (CV: 1.006)', 'EXTREME volatility in AST (CV: 1.792)', 'EXTREME volatility in STL (CV: 1.610)', 'EXTREME volatility in BLK (CV: 2.108)', 'EXTREME volatility in FG3M (CV: 1.291)', 'EXTREME volatility in FGM (CV: 1.178)', 'EXTREME volatility in FTM (CV: 3.162)']",EXTREME volatility in PTS (CV: 1.155) | EXTREME volatility in REB (CV: 1.006) | EXTREME volatility in AST (CV: 1.792) | EXTREME volatility in STL (CV: 1.610) | EXTREME volatility in BLK (CV: 2.108) | EXTREME volatility in FG3M (CV: 1.291) | EXTREME volatility in FGM (CV: 1.178) | EXTREME volatility in FTM (CV: 3.162)
Jaylyn Sherrod,EXTREME,"['EXTREME volatility in PTS (CV: 1.755)', 'EXTREME volatility in REB (CV: 1.405)', 'EXTREME volatility in AST (CV: 1.165)', 'EXTREME volatility in STL (CV: 1.792)', 'EXTREME volatility in FG3M (CV: 2.108)', 'EXTREME volatility in FGM (CV: 1.792)', 'EXTREME volatility in FTM (CV: 1.610)']",EXTREME volatility in PTS (CV: 1.755) | EXTREME volatility in REB (CV: 1.405) | EXTREME volatility in AST (CV: 1.165) | EXTREME volatility in STL (CV: 1.792) | EXTREME volatility in FG3M (CV: 2.108) | EXTREME volatility in FGM (CV: 1.792) | EXTREME volatility in FTM (CV: 1.610)
Dorka Juhász,EXTREME,"['EXTREME volatility in PTS (CV: 1.155)', 'EXTREME volatility in REB (CV: 0.633)', 'EXTREME volatility in AST (CV: 1.246)', 'EXTREME volatility in STL (CV: 2.415)', 'EXTREME volatility in BLK (CV: 2.108)', 'EXTREME volatility in FG3M (CV: 2.108)', 'EXTREME volatility in FGM (CV: 1.291)', 'EXTREME volatility in FTM (CV: 2.108)']",EXTREME volatility in PTS (CV: 1.155) | EXTREME volatility in REB (CV: 0.633) | EXTREME volatility in AST (CV: 1.246) | EXTREME volatility in STL (CV: 2.415) | EXTREME volatility in BLK (CV: 2.108) | EXTREME volatility in FG3M (CV: 2.108) | EXTREME volatility in FGM (CV: 1.291) | EXTREME volatility in FTM (CV: 2.108)
Victoria Vivians,EXTREME,"['EXTREME volatility in PTS (CV: 1.300)', 'EXTREME volatility in REB (CV: 1.165)', 'EXTREME volatility in AST (CV: 1.176)', 'EXTREME volatility in STL (CV: 2.108)', 'EXTREME volatility in BLK (CV: 2.108)', 'EXTREME volatility in FG3M (CV: 2.415)', 'EXTREME volatility in FGM (CV: 1.105)']",EXTREME volatility in PTS (CV: 1.300) | EXTREME volatility in REB (CV: 1.165) | EXTREME volatility in AST (CV: 1.176) | EXTREME volatility in STL (CV: 2.108) | EXTREME volatility in BLK (CV: 2.108) | EXTREME volatility in FG3M (CV: 2.415) | EXTREME volatility in FGM (CV: 1.105)
Lindsay Allen,EXTREME,"['EXTREME volatility in PTS (CV: 0.963)', 'EXTREME volatility in REB (CV: 0.815)', 'EXTREME volatility in AST (CV: 0.754)', 'EXTREME volatility in STL (CV: 2.415)', 'EXTREME volatility in BLK (CV: 1.748)', 'EXTREME volatility in FG3M (CV: 3.162)', 'EXTREME volatility in FGM (CV: 0.782)', 'EXTREME volatility in FTM (CV: 2.286)']",EXTREME volatility in PTS (CV: 0.963) | EXTREME volatility in REB (CV: 0.815) | EXTREME volatility in AST (CV: 0.754) | EXTREME volatility in STL (CV: 2.415) | EXTREME volatility in BLK (CV: 1.748) | EXTREME volatility in FG3M (CV: 3.162) | EXTREME volatility in FGM (CV: 0.782) | EXTREME volatility in FTM (CV: 2.286)
Aaliyah Nye,EXTREME,"['EXTREME volatility in PTS (CV: 1.167)', 'EXTREME volatility in REB (CV: 1.029)', 'EXTREME volatility in AST (CV: 1.748)', 'EXTREME volatility in STL (CV: 1.610)', 'EXTREME volatility in BLK (CV: 3.162)', 'EXTREME volatility in FG3M (CV: 1.291)', 'EXTREME volatility in FGM (CV: 1.230)', 'EXTREME volatility in FTM (CV: 1.419)']",EXTREME volatility in PTS (CV: 1.167) | EXTREME volatility in REB (CV: 1.029) | EXTREME volatility in AST (CV: 1.748) | EXTREME volatility in STL (CV: 1.610) | EXTREME volatility in BLK (CV: 3.162) | EXTREME volatility in FG3M (CV: 1.291) | EXTREME volatility in FGM (CV: 1.230) | EXTREME volatility in FTM (CV: 1.419)
DiDi Richards,EXTREME,"['EXTREME volatility in PTS (CV: 0.871)', 'EXTREME volatility in REB (CV: 0.820)', 'EXTREME volatility in AST (CV: 1.291)', 'EXTREME volatility in STL (CV: 3.162)', 'EXTREME volatility in BLK (CV: 1.610)', 'EXTREME volatility in FGM (CV: 1.054)', 'EXTREME volatility in FTM (CV: 2.250)']",EXTREME volatility in PTS (CV: 0.871) | EXTREME volatility in REB (CV: 0.820) | EXTREME volatility in AST (CV: 1.291) | EXTREME volatility in STL (CV: 3.162) | EXTREME volatility in BLK (CV: 1.610) | EXTREME volatility in FGM (CV: 1.054) | EXTREME volatility in FTM (CV: 2.250)
Kristy Wallace,EXTREME,"['EXTREME volatility in PTS (CV: 1.534)', 'EXTREME volatility in REB (CV: 1.021)', 'EXTREME volatility in AST (CV: 1.149)', 'EXTREME volatility in STL (CV: 1.291)', 'EXTREME volatility in FG3M (CV: 2.415)', 'EXTREME volatility in FGM (CV: 1.475)', 'EXTREME volatility in FTM (CV: 2.160)']",EXTREME volatility in PTS (CV: 1.534) | EXTREME volatility in REB (CV: 1.021) | EXTREME volatility in AST (CV: 1.149) | EXTREME volatility in STL (CV: 1.291) | EXTREME volatility in FG3M (CV: 2.415) | EXTREME volatility in FGM (CV: 1.475) | EXTREME volatility in FTM (CV: 2.160)
Haley Jones,EXTREME,"['EXTREME volatility in PTS (CV: 1.064)', 'EXTREME volatility in REB (CV: 0.844)', 'EXTREME volatility in AST (CV: 0.820)', 'EXTREME volatility in STL (CV: 1.748)', 'EXTREME volatility in BLK (CV: 2.108)', 'EXTREME volatility in FG3M (CV: 3.162)', 'EXTREME volatility in FGM (CV: 1.176)', 'EXTREME volatility in FTM (CV: 1.610)']",EXTREME volatility in PTS (CV: 1.064) | EXTREME volatility in REB (CV: 0.844) | EXTREME volatility in AST (CV: 0.820) | EXTREME volatility in STL (CV: 1.748) | EXTREME volatility in BLK (CV: 2.108) | EXTREME volatility in FG3M (CV: 3.162) | EXTREME volatility in FGM (CV: 1.176) | EXTREME volatility in FTM (CV: 1.610)
Dominique Malonga,EXTREME,"['EXTREME volatility in PTS (CV: 0.562)', 'EXTREME volatility in REB (CV: 0.740)', 'EXTREME volatility in AST (CV: 1.419)', 'EXTREME volatility in STL (CV: 2.108)', 'EXTREME volatility in BLK (CV: 2.108)', 'EXTREME volatility in FGM (CV: 0.650)', 'EXTREME volatility in FTM (CV: 3.162)']",EXTREME volatility in PTS (CV: 0.562) | EXTREME volatility in REB (CV: 0.740) | EXTREME volatility in AST (CV: 1.419) | EXTREME volatility in STL (CV: 2.108) | EXTREME volatility in BLK (CV: 2.108) | EXTREME volatility in FGM (CV: 0.650) | EXTREME volatility in FTM (CV: 3.162)
Rachel Banham,EXTREME,"['EXTREME volatility in PTS (CV: 0.702)', 'EXTREME volatility in REB (CV: 1.788)', 'EXTREME volatility in AST (CV: 1.006)', 'EXTREME volatility in BLK (CV: 3.162)', 'EXTREME volatility in FG3M (CV: 1.127)', 'EXTREME volatility in FGM (CV: 0.707)', 'EXTREME volatility in FTM (CV: 2.250)']",EXTREME volatility in PTS (CV: 0.702) | EXTREME volatility in REB (CV: 1.788) | EXTREME volatility in AST (CV: 1.006) | EXTREME volatility in BLK (CV: 3.162) | EXTREME volatility in FG3M (CV: 1.127) | EXTREME volatility in FGM (CV: 0.707) | EXTREME volatility in FTM (CV: 2.250)
Kiah Stokes,EXTREME,"['EXTREME volatility in PTS (CV: 1.354)', 'EXTREME volatility in REB (CV: 0.445)', 'EXTREME volatility in AST (CV: 0.791)', 'EXTREME volatility in STL (CV: 1.405)', 'EXTREME volatility in BLK (CV: 1.414)', 'EXTREME volatility in FG3M (CV: 3.162)', 'EXTREME volatility in FGM (CV: 1.419)', 'EXTREME volatility in FTM (CV: 2.250)']",EXTREME volatility in PTS (CV: 1.354) | EXTREME volatility in REB (CV: 0.445) | EXTREME volatility in AST (CV: 0.791) | EXTREME volatility in STL (CV: 1.405) | EXTREME volatility in BLK (CV: 1.414) | EXTREME volatility in FG3M (CV: 3.162) | EXTREME volatility in FGM (CV: 1.419) | EXTREME volatility in FTM (CV: 2.250)
Olivia Époupa,EXTREME,"['EXTREME volatility in PTS (CV: 1.610)', 'EXTREME volatility in REB (CV: 1.724)', 'EXTREME volatility in AST (CV: 1.291)', 'EXTREME volatility in STL (CV: 1.405)', 'EXTREME volatility in FGM (CV: 1.610)']",EXTREME volatility in PTS (CV: 1.610) | EXTREME volatility in REB (CV: 1.724) | EXTREME volatility in AST (CV: 1.291) | EXTREME volatility in STL (CV: 1.405) | EXTREME volatility in FGM (CV: 1.610)
Diamond DeShields,EXTREME,"['EXTREME volatility in PTS (CV: 1.064)', 'EXTREME volatility in REB (CV: 0.527)', 'EXTREME volatility in AST (CV: 0.816)', 'EXTREME volatility in STL (CV: 1.610)', 'EXTREME volatility in BLK (CV: 3.162)', 'EXTREME volatility in FG3M (CV: 2.108)', 'EXTREME volatility in FGM (CV: 1.039)', 'EXTREME volatility in FTM (CV: 1.792)']",EXTREME volatility in PTS (CV: 1.064) | EXTREME volatility in REB (CV: 0.527) | EXTREME volatility in AST (CV: 0.816) | EXTREME volatility in STL (CV: 1.610) | EXTREME volatility in BLK (CV: 3.162) | EXTREME volatility in FG3M (CV: 2.108) | EXTREME volatility in FGM (CV: 1.039) | EXTREME volatility in FTM (CV: 1.792)
Megan Gustafson,EXTREME,"['EXTREME volatility in PTS (CV: 1.235)', 'EXTREME volatility in REB (CV: 1.080)', 'EXTREME volatility in AST (CV: 1.610)', 'EXTREME volatility in STL (CV: 1.414)', 'EXTREME volatility in BLK (CV: 2.250)', 'EXTREME volatility in FG3M (CV: 0.973)', 'EXTREME volatility in FGM (CV: 1.259)', 'EXTREME volatility in FTM (CV: 2.250)']",EXTREME volatility in PTS (CV: 1.235) | EXTREME volatility in REB (CV: 1.080) | EXTREME volatility in AST (CV: 1.610) | EXTREME volatility in STL (CV: 1.414) | EXTREME volatility in BLK (CV: 2.250) | EXTREME volatility in FG3M (CV: 0.973) | EXTREME volatility in FGM (CV: 1.259) | EXTREME volatility in FTM (CV: 2.250)
Mercedes Russell,EXTREME,"['EXTREME volatility in PTS (CV: 0.875)', 'EXTREME volatility in REB (CV: 0.861)', 'EXTREME volatility in AST (CV: 1.165)', 'EXTREME volatility in STL (CV: 1.610)', 'EXTREME volatility in BLK (CV: 3.162)', 'EXTREME volatility in FGM (CV: 1.176)', 'EXTREME volatility in FTM (CV: 1.700)']",EXTREME volatility in PTS (CV: 0.875) | EXTREME volatility in REB (CV: 0.861) | EXTREME volatility in AST (CV: 1.165) | EXTREME volatility in STL (CV: 1.610) | EXTREME volatility in BLK (CV: 3.162) | EXTREME volatility in FGM (CV: 1.176) | EXTREME volatility in FTM (CV: 1.700)
Lorela Cubaj,EXTREME,"['EXTREME volatility in PTS (CV: 1.176)', 'EXTREME volatility in REB (CV: 0.861)', 'EXTREME volatility in AST (CV: 1.176)', 'EXTREME volatility in STL (CV: 1.405)', 'EXTREME volatility in FGM (CV: 1.223)', 'EXTREME volatility in FTM (CV: 3.162)']",EXTREME volatility in PTS (CV: 1.176) | EXTREME volatility in REB (CV: 0.861) | EXTREME volatility in AST (CV: 1.176) | EXTREME volatility in STL (CV: 1.405) | EXTREME volatility in FGM (CV: 1.223) | EXTREME volatility in FTM (CV: 3.162)
Kaila Charles,EXTREME,"['EXTREME volatility in PTS (CV: 0.979)', 'EXTREME volatility in REB (CV: 0.410)', 'EXTREME volatility in AST (CV: 1.165)', 'EXTREME volatility in STL (CV: 3.162)', 'EXTREME volatility in BLK (CV: 2.250)', 'EXTREME volatility in FG3M (CV: 1.700)', 'EXTREME volatility in FGM (CV: 0.941)', 'EXTREME volatility in FTM (CV: 1.330)']",EXTREME volatility in PTS (CV: 0.979) | EXTREME volatility in REB (CV: 0.410) | EXTREME volatility in AST (CV: 1.165) | EXTREME volatility in STL (CV: 3.162) | EXTREME volatility in BLK (CV: 2.250) | EXTREME volatility in FG3M (CV: 1.700) | EXTREME volatility in FGM (CV: 0.941) | EXTREME volatility in FTM (CV: 1.330)
Cecilia Zandalasini,EXTREME,"['EXTREME volatility in PTS (CV: 0.968)', 'EXTREME volatility in REB (CV: 1.291)', 'EXTREME volatility in AST (CV: 0.892)', 'EXTREME volatility in STL (CV: 1.537)', 'EXTREME volatility in BLK (CV: 2.108)', 'EXTREME volatility in FG3M (CV: 1.223)', 'EXTREME volatility in FGM (CV: 0.792)', 'EXTREME volatility in FTM (CV: 2.629)']",EXTREME volatility in PTS (CV: 0.968) | EXTREME volatility in REB (CV: 1.291) | EXTREME volatility in AST (CV: 0.892) | EXTREME volatility in STL (CV: 1.537) | EXTREME volatility in BLK (CV: 2.108) | EXTREME volatility in FG3M (CV: 1.223) | EXTREME volatility in FGM (CV: 0.792) | EXTREME volatility in FTM (CV: 2.629)
Kalani Brown,EXTREME,"['EXTREME volatility in PTS (CV: 0.544)', 'EXTREME volatility in REB (CV: 0.613)', 'EXTREME volatility in AST (CV: 1.165)', 'EXTREME volatility in STL (CV: 2.108)', 'EXTREME volatility in BLK (CV: 2.250)', 'EXTREME volatility in FG3M (CV: 3.162)', 'EXTREME volatility in FGM (CV: 0.631)', 'EXTREME volatility in FTM (CV: 0.943)']",EXTREME volatility in PTS (CV: 0.544) | EXTREME volatility in REB (CV: 0.613) | EXTREME volatility in AST (CV: 1.165) | EXTREME volatility in STL (CV: 2.108) | EXTREME volatility in BLK (CV: 2.250) | EXTREME volatility in FG3M (CV: 3.162) | EXTREME volatility in FGM (CV: 0.631) | EXTREME volatility in FTM (CV: 0.943)
Julie Vanloo,EXTREME,"['EXTREME volatility in PTS (CV: 1.219)', 'EXTREME volatility in REB (CV: 0.937)', 'EXTREME volatility in AST (CV: 0.624)', 'EXTREME volatility in STL (CV: 1.165)', 'EXTREME volatility in FG3M (CV: 1.646)', 'EXTREME volatility in FGM (CV: 1.176)', 'EXTREME volatility in FTM (CV: 3.162)']",EXTREME volatility in PTS (CV: 1.219) | EXTREME volatility in REB (CV: 0.937) | EXTREME volatility in AST (CV: 0.624) | EXTREME volatility in STL (CV: 1.165) | EXTREME volatility in FG3M (CV: 1.646) | EXTREME volatility in FGM (CV: 1.176) | EXTREME volatility in FTM (CV: 3.162)
Cheyenne Parker-Tyus,EXTREME,"['EXTREME volatility in PTS (CV: 0.781)', 'EXTREME volatility in REB (CV: 0.681)', 'EXTREME volatility in AST (CV: 1.070)', 'EXTREME volatility in STL (CV: 1.419)', 'EXTREME volatility in BLK (CV: 2.250)', 'EXTREME volatility in FG3M (CV: 3.162)', 'EXTREME volatility in FGM (CV: 0.754)', 'EXTREME volatility in FTM (CV: 1.136)']",EXTREME volatility in PTS (CV: 0.781) | EXTREME volatility in REB (CV: 0.681) | EXTREME volatility in AST (CV: 1.070) | EXTREME volatility in STL (CV: 1.419) | EXTREME volatility in BLK (CV: 2.250) | EXTREME volatility in FG3M (CV: 3.162) | EXTREME volatility in FGM (CV: 0.754) | EXTREME volatility in FTM (CV: 1.136)
Te-Hina Paopao,EXTREME,"['EXTREME volatility in PTS (CV: 0.989)', 'EXTREME volatility in REB (CV: 0.648)', 'EXTREME volatility in AST (CV: 0.910)', 'EXTREME volatility in STL (CV: 3.162)', 'EXTREME volatility in FG3M (CV: 1.414)', 'EXTREME volatility in FGM (CV: 1.008)', 'EXTREME volatility in FTM (CV: 1.700)']",EXTREME volatility in PTS (CV: 0.989) | EXTREME volatility in REB (CV: 0.648) | EXTREME volatility in AST (CV: 0.910) | EXTREME volatility in STL (CV: 3.162) | EXTREME volatility in FG3M (CV: 1.414) | EXTREME volatility in FGM (CV: 1.008) | EXTREME volatility in FTM (CV: 1.700)
Karlie Samuelson,EXTREME,"['EXTREME volatility in PTS (CV: 0.848)', 'EXTREME volatility in REB (CV: 1.349)', 'EXTREME volatility in AST (CV: 1.021)', 'EXTREME volatility in STL (CV: 1.414)', 'EXTREME volatility in BLK (CV: 3.162)', 'EXTREME volatility in FG3M (CV: 1.105)', 'EXTREME volatility in FGM (CV: 0.943)', 'EXTREME volatility in FTM (CV: 1.291)']",EXTREME volatility in PTS (CV: 0.848) | EXTREME volatility in REB (CV: 1.349) | EXTREME volatility in AST (CV: 1.021) | EXTREME volatility in STL (CV: 1.414) | EXTREME volatility in BLK (CV: 3.162) | EXTREME volatility in FG3M (CV: 1.105) | EXTREME volatility in FGM (CV: 0.943) | EXTREME volatility in FTM (CV: 1.291)
Stephanie Talbot,EXTREME,"['EXTREME volatility in PTS (CV: 0.934)', 'EXTREME volatility in REB (CV: 0.602)', 'EXTREME volatility in AST (CV: 0.963)', 'EXTREME volatility in STL (CV: 1.610)', 'EXTREME volatility in BLK (CV: 2.415)', 'EXTREME volatility in FG3M (CV: 2.250)', 'EXTREME volatility in FGM (CV: 0.820)', 'EXTREME volatility in FTM (CV: 1.513)']",EXTREME volatility in PTS (CV: 0.934) | EXTREME volatility in REB (CV: 0.602) | EXTREME volatility in AST (CV: 0.963) | EXTREME volatility in STL (CV: 1.610) | EXTREME volatility in BLK (CV: 2.415) | EXTREME volatility in FG3M (CV: 2.250) | EXTREME volatility in FGM (CV: 0.820) | EXTREME volatility in FTM (CV: 1.513)
Grace Berger,EXTREME,"['EXTREME volatility in PTS (CV: 1.034)', 'EXTREME volatility in REB (CV: 1.091)', 'EXTREME volatility in AST (CV: 1.414)', 'EXTREME volatility in STL (CV: 1.291)', 'EXTREME volatility in FG3M (CV: 2.108)', 'EXTREME volatility in FGM (CV: 0.986)', 'EXTREME volatility in FTM (CV: 1.693)']",EXTREME volatility in PTS (CV: 1.034) | EXTREME volatility in REB (CV: 1.091) | EXTREME volatility in AST (CV: 1.414) | EXTREME volatility in STL (CV: 1.291) | EXTREME volatility in FG3M (CV: 2.108) | EXTREME volatility in FGM (CV: 0.986) | EXTREME volatility in FTM (CV: 1.693)
Temi Fágbénlé,EXTREME,"['EXTREME volatility in PTS (CV: 0.702)', 'EXTREME volatility in REB (CV: 0.426)', 'EXTREME volatility in AST (CV: 1.149)', 'EXTREME volatility in STL (CV: 1.610)', 'EXTREME volatility in BLK (CV: 1.405)', 'EXTREME volatility in FG3M (CV: 3.162)', 'EXTREME volatility in FGM (CV: 0.721)', 'EXTREME volatility in FTM (CV: 1.748)']",EXTREME volatility in PTS (CV: 0.702) | EXTREME volatility in REB (CV: 0.426) | EXTREME volatility in AST (CV: 1.149) | EXTREME volatility in STL (CV: 1.610) | EXTREME volatility in BLK (CV: 1.405) | EXTREME volatility in FG3M (CV: 3.162) | EXTREME volatility in FGM (CV: 0.721) | EXTREME volatility in FTM (CV: 1.748)
Jordan Horston,EXTREME,"['EXTREME volatility in PTS (CV: 1.156)', 'EXTREME volatility in REB (CV: 0.656)', 'EXTREME volatility in AST (CV: 0.604)', 'EXTREME volatility in STL (CV: 1.405)', 'EXTREME volatility in BLK (CV: 1.944)', 'EXTREME volatility in FG3M (CV: 2.250)', 'EXTREME volatility in FGM (CV: 1.279)', 'EXTREME volatility in FTM (CV: 1.405)']",EXTREME volatility in PTS (CV: 1.156) | EXTREME volatility in REB (CV: 0.656) | EXTREME volatility in AST (CV: 0.604) | EXTREME volatility in STL (CV: 1.405) | EXTREME volatility in BLK (CV: 1.944) | EXTREME volatility in FG3M (CV: 2.250) | EXTREME volatility in FGM (CV: 1.279) | EXTREME volatility in FTM (CV: 1.405)
Zia Cooke,EXTREME,"['EXTREME volatility in PTS (CV: 0.916)', 'EXTREME volatility in REB (CV: 1.405)', 'EXTREME volatility in AST (CV: 1.405)', 'EXTREME volatility in STL (CV: 1.414)', 'EXTREME volatility in FG3M (CV: 1.700)', 'EXTREME volatility in FGM (CV: 0.973)', 'EXTREME volatility in FTM (CV: 1.513)']",EXTREME volatility in PTS (CV: 0.916) | EXTREME volatility in REB (CV: 1.405) | EXTREME volatility in AST (CV: 1.405) | EXTREME volatility in STL (CV: 1.414) | EXTREME volatility in FG3M (CV: 1.700) | EXTREME volatility in FGM (CV: 0.973) | EXTREME volatility in FTM (CV: 1.513)
Sevgi Uzun,EXTREME,"['EXTREME volatility in PTS (CV: 0.734)', 'EXTREME volatility in REB (CV: 1.176)', 'EXTREME volatility in AST (CV: 0.527)', 'EXTREME volatility in STL (CV: 1.610)', 'EXTREME volatility in BLK (CV: 1.291)', 'EXTREME volatility in FG3M (CV: 2.108)', 'EXTREME volatility in FGM (CV: 1.054)', 'EXTREME volatility in FTM (CV: 2.108)']",EXTREME volatility in PTS (CV: 0.734) | EXTREME volatility in REB (CV: 1.176) | EXTREME volatility in AST (CV: 0.527) | EXTREME volatility in STL (CV: 1.610) | EXTREME volatility in BLK (CV: 1.291) | EXTREME volatility in FG3M (CV: 2.108) | EXTREME volatility in FGM (CV: 1.054) | EXTREME volatility in FTM (CV: 2.108)
NaLyssa Smith,EXTREME,"['EXTREME volatility in PTS (CV: 0.961)', 'EXTREME volatility in REB (CV: 0.623)', 'EXTREME volatility in AST (CV: 1.646)', 'EXTREME volatility in STL (CV: 1.748)', 'EXTREME volatility in BLK (CV: 1.291)', 'EXTREME volatility in FG3M (CV: 2.108)', 'EXTREME volatility in FGM (CV: 0.910)', 'EXTREME volatility in FTM (CV: 1.252)']",EXTREME volatility in PTS (CV: 0.961) | EXTREME volatility in REB (CV: 0.623) | EXTREME volatility in AST (CV: 1.646) | EXTREME volatility in STL (CV: 1.748) | EXTREME volatility in BLK (CV: 1.291) | EXTREME volatility in FG3M (CV: 2.108) | EXTREME volatility in FGM (CV: 0.910) | EXTREME volatility in FTM (CV: 1.252)
Maya Caldwell,EXTREME,"['EXTREME volatility in PTS (CV: 1.006)', 'EXTREME volatility in REB (CV: 0.711)', 'EXTREME volatility in AST (CV: 1.076)', 'EXTREME volatility in STL (CV: 0.964)', 'EXTREME volatility in BLK (CV: 2.250)', 'EXTREME volatility in FG3M (CV: 1.405)', 'EXTREME volatility in FGM (CV: 1.006)', 'EXTREME volatility in FTM (CV: 2.108)']",EXTREME volatility in PTS (CV: 1.006) | EXTREME volatility in REB (CV: 0.711) | EXTREME volatility in AST (CV: 1.076) | EXTREME volatility in STL (CV: 0.964) | EXTREME volatility in BLK (CV: 2.250) | EXTREME volatility in FG3M (CV: 1.405) | EXTREME volatility in FGM (CV: 1.006) | EXTREME volatility in FTM (CV: 2.108)
Dana Evans,EXTREME,"['EXTREME volatility in PTS (CV: 0.483)', 'EXTREME volatility in REB (CV: 1.748)', 'EXTREME volatility in AST (CV: 0.736)', 'EXTREME volatility in STL (CV: 1.748)', 'EXTREME volatility in BLK (CV: 3.162)', 'EXTREME volatility in FG3M (CV: 0.973)', 'EXTREME volatility in FGM (CV: 0.527)', 'EXTREME volatility in FTM (CV: 1.149)']",EXTREME volatility in PTS (CV: 0.483) | EXTREME volatility in REB (CV: 1.748) | EXTREME volatility in AST (CV: 0.736) | EXTREME volatility in STL (CV: 1.748) | EXTREME volatility in BLK (CV: 3.162) | EXTREME volatility in FG3M (CV: 0.973) | EXTREME volatility in FGM (CV: 0.527) | EXTREME volatility in FTM (CV: 1.149)
Stefanie Dolson,EXTREME,"['EXTREME volatility in PTS (CV: 0.881)', 'EXTREME volatility in REB (CV: 0.873)', 'EXTREME volatility in AST (CV: 1.641)', 'EXTREME volatility in STL (CV: 1.291)', 'EXTREME volatility in BLK (CV: 1.748)', 'EXTREME volatility in FG3M (CV: 1.748)', 'EXTREME volatility in FGM (CV: 0.904)']",EXTREME volatility in PTS (CV: 0.881) | EXTREME volatility in REB (CV: 0.873) | EXTREME volatility in AST (CV: 1.641) | EXTREME volatility in STL (CV: 1.291) | EXTREME volatility in BLK (CV: 1.748) | EXTREME volatility in FG3M (CV: 1.748) | EXTREME volatility in FGM (CV: 0.904)
Layshia Clarendon,EXTREME,"['EXTREME volatility in PTS (CV: 0.720)', 'EXTREME volatility in REB (CV: 0.964)', 'EXTREME volatility in AST (CV: 0.783)', 'EXTREME volatility in STL (CV: 0.690)', 'EXTREME volatility in BLK (CV: 3.162)', 'EXTREME volatility in FG3M (CV: 1.610)', 'EXTREME volatility in FGM (CV: 0.963)', 'EXTREME volatility in FTM (CV: 1.355)']",EXTREME volatility in PTS (CV: 0.720) | EXTREME volatility in REB (CV: 0.964) | EXTREME volatility in AST (CV: 0.783) | EXTREME volatility in STL (CV: 0.690) | EXTREME volatility in BLK (CV: 3.162) | EXTREME volatility in FG3M (CV: 1.610) | EXTREME volatility in FGM (CV: 0.963) | EXTREME volatility in FTM (CV: 1.355)
Emma Cannon,EXTREME,"['EXTREME volatility in PTS (CV: 0.713)', 'EXTREME volatility in REB (CV: 0.604)', 'EXTREME volatility in AST (CV: 1.291)', 'EXTREME volatility in STL (CV: 1.405)', 'EXTREME volatility in BLK (CV: 3.162)', 'EXTREME volatility in FG3M (CV: 1.149)', 'EXTREME volatility in FGM (CV: 0.731)', 'EXTREME volatility in FTM (CV: 1.149)']",EXTREME volatility in PTS (CV: 0.713) | EXTREME volatility in REB (CV: 0.604) | EXTREME volatility in AST (CV: 1.291) | EXTREME volatility in STL (CV: 1.405) | EXTREME volatility in BLK (CV: 3.162) | EXTREME volatility in FG3M (CV: 1.149) | EXTREME volatility in FGM (CV: 0.731) | EXTREME volatility in FTM (CV: 1.149)
Shakira Austin,EXTREME,"['EXTREME volatility in PTS (CV: 0.702)', 'EXTREME volatility in REB (CV: 0.595)', 'EXTREME volatility in AST (CV: 2.539)', 'EXTREME volatility in STL (CV: 1.748)', 'EXTREME volatility in BLK (CV: 1.405)', 'EXTREME volatility in FGM (CV: 0.625)', 'EXTREME volatility in FTM (CV: 1.205)']",EXTREME volatility in PTS (CV: 0.702) | EXTREME volatility in REB (CV: 0.595) | EXTREME volatility in AST (CV: 2.539) | EXTREME volatility in STL (CV: 1.748) | EXTREME volatility in BLK (CV: 1.405) | EXTREME volatility in FGM (CV: 0.625) | EXTREME volatility in FTM (CV: 1.205)
Carla Leite,EXTREME,"['EXTREME volatility in PTS (CV: 1.065)', 'EXTREME volatility in REB (CV: 1.349)', 'EXTREME volatility in AST (CV: 0.731)', 'EXTREME volatility in STL (CV: 1.165)', 'EXTREME volatility in FG3M (CV: 2.250)', 'EXTREME volatility in FGM (CV: 1.248)', 'EXTREME volatility in FTM (CV: 0.900)']",EXTREME volatility in PTS (CV: 1.065) | EXTREME volatility in REB (CV: 1.349) | EXTREME volatility in AST (CV: 0.731) | EXTREME volatility in STL (CV: 1.165) | EXTREME volatility in FG3M (CV: 2.250) | EXTREME volatility in FGM (CV: 1.248) | EXTREME volatility in FTM (CV: 0.900)
Sydney Colson,EXTREME,"['EXTREME volatility in PTS (CV: 0.914)', 'EXTREME volatility in REB (CV: 0.956)', 'EXTREME volatility in AST (CV: 0.821)', 'EXTREME volatility in STL (CV: 1.291)', 'EXTREME volatility in BLK (CV: 1.748)', 'EXTREME volatility in FG3M (CV: 1.223)', 'EXTREME volatility in FGM (CV: 0.879)', 'EXTREME volatility in FTM (CV: 2.108)']",EXTREME volatility in PTS (CV: 0.914) | EXTREME volatility in REB (CV: 0.956) | EXTREME volatility in AST (CV: 0.821) | EXTREME volatility in STL (CV: 1.291) | EXTREME volatility in BLK (CV: 1.748) | EXTREME volatility in FG3M (CV: 1.223) | EXTREME volatility in FGM (CV: 0.879) | EXTREME volatility in FTM (CV: 2.108)
Sug Sutton,EXTREME,"['EXTREME volatility in PTS (CV: 0.937)', 'EXTREME volatility in REB (CV: 0.690)', 'EXTREME volatility in AST (CV: 0.527)', 'EXTREME volatility in STL (CV: 1.405)', 'EXTREME volatility in BLK (CV: 1.610)', 'EXTREME volatility in FG3M (CV: 1.700)', 'EXTREME volatility in FGM (CV: 0.844)', 'EXTREME volatility in FTM (CV: 2.108)']",EXTREME volatility in PTS (CV: 0.937) | EXTREME volatility in REB (CV: 0.690) | EXTREME volatility in AST (CV: 0.527) | EXTREME volatility in STL (CV: 1.405) | EXTREME volatility in BLK (CV: 1.610) | EXTREME volatility in FG3M (CV: 1.700) | EXTREME volatility in FGM (CV: 0.844) | EXTREME volatility in FTM (CV: 2.108)
Kitija Laksa,EXTREME,"['EXTREME volatility in PTS (CV: 0.678)', 'EXTREME volatility in REB (CV: 0.922)', 'EXTREME volatility in AST (CV: 1.105)', 'EXTREME volatility in STL (CV: 1.291)', 'EXTREME volatility in BLK (CV: 2.108)', 'EXTREME volatility in FG3M (CV: 0.777)', 'EXTREME volatility in FGM (CV: 0.618)', 'EXTREME volatility in FTM (CV: 2.309)']",EXTREME volatility in PTS (CV: 0.678) | EXTREME volatility in REB (CV: 0.922) | EXTREME volatility in AST (CV: 1.105) | EXTREME volatility in STL (CV: 1.291) | EXTREME volatility in BLK (CV: 2.108) | EXTREME volatility in FG3M (CV: 0.777) | EXTREME volatility in FGM (CV: 0.618) | EXTREME volatility in FTM (CV: 2.309)
Kate Martin,EXTREME,"['EXTREME volatility in PTS (CV: 0.760)', 'EXTREME volatility in REB (CV: 0.721)', 'EXTREME volatility in AST (CV: 1.537)', 'EXTREME volatility in STL (CV: 2.108)', 'EXTREME volatility in BLK (CV: 1.610)', 'EXTREME volatility in FG3M (CV: 0.904)', 'EXTREME volatility in FGM (CV: 1.076)', 'EXTREME volatility in FTM (CV: 1.073)']",EXTREME volatility in PTS (CV: 0.760) | EXTREME volatility in REB (CV: 0.721) | EXTREME volatility in AST (CV: 1.537) | EXTREME volatility in STL (CV: 2.108) | EXTREME volatility in BLK (CV: 1.610) | EXTREME volatility in FG3M (CV: 0.904) | EXTREME volatility in FGM (CV: 1.076) | EXTREME volatility in FTM (CV: 1.073)
Jacy Sheldon,EXTREME,"['EXTREME volatility in PTS (CV: 0.687)', 'EXTREME volatility in REB (CV: 0.846)', 'EXTREME volatility in AST (CV: 0.953)', 'EXTREME volatility in STL (CV: 1.317)', 'EXTREME volatility in BLK (CV: 2.108)', 'EXTREME volatility in FG3M (CV: 1.419)', 'EXTREME volatility in FGM (CV: 0.625)', 'EXTREME volatility in FTM (CV: 1.792)']",EXTREME volatility in PTS (CV: 0.687) | EXTREME volatility in REB (CV: 0.846) | EXTREME volatility in AST (CV: 0.953) | EXTREME volatility in STL (CV: 1.317) | EXTREME volatility in BLK (CV: 2.108) | EXTREME volatility in FG3M (CV: 1.419) | EXTREME volatility in FGM (CV: 0.625) | EXTREME volatility in FTM (CV: 1.792)
Brittney Griner,EXTREME,"['EXTREME volatility in PTS (CV: 0.641)', 'EXTREME volatility in AST (CV: 1.165)', 'EXTREME volatility in STL (CV: 2.108)', 'EXTREME volatility in BLK (CV: 0.690)', 'EXTREME volatility in FG3M (CV: 3.162)', 'EXTREME volatility in FGM (CV: 0.640)', 'EXTREME volatility in FTM (CV: 0.910)']",EXTREME volatility in PTS (CV: 0.641) | EXTREME volatility in AST (CV: 1.165) | EXTREME volatility in STL (CV: 2.108) | EXTREME volatility in BLK (CV: 0.690) | EXTREME volatility in FG3M (CV: 3.162) | EXTREME volatility in FGM (CV: 0.640) | EXTREME volatility in FTM (CV: 0.910)
Rebekah Gardner,EXTREME,"['EXTREME volatility in PTS (CV: 0.815)', 'EXTREME volatility in REB (CV: 0.631)', 'EXTREME volatility in AST (CV: 1.247)', 'EXTREME volatility in STL (CV: 1.165)', 'EXTREME volatility in BLK (CV: 2.108)', 'EXTREME volatility in FG3M (CV: 1.054)', 'EXTREME volatility in FGM (CV: 0.922)', 'EXTREME volatility in FTM (CV: 1.748)']",EXTREME volatility in PTS (CV: 0.815) | EXTREME volatility in REB (CV: 0.631) | EXTREME volatility in AST (CV: 1.247) | EXTREME volatility in STL (CV: 1.165) | EXTREME volatility in BLK (CV: 2.108) | EXTREME volatility in FG3M (CV: 1.054) | EXTREME volatility in FGM (CV: 0.922) | EXTREME volatility in FTM (CV: 1.748)
Ivana Dojkić,EXTREME,"['EXTREME volatility in PTS (CV: 1.054)', 'EXTREME volatility in REB (CV: 1.088)', 'EXTREME volatility in AST (CV: 1.330)', 'EXTREME volatility in STL (CV: 0.964)', 'EXTREME volatility in FG3M (CV: 1.165)', 'EXTREME volatility in FGM (CV: 1.091)', 'EXTREME volatility in FTM (CV: 1.748)']",EXTREME volatility in PTS (CV: 1.054) | EXTREME volatility in REB (CV: 1.088) | EXTREME volatility in AST (CV: 1.330) | EXTREME volatility in STL (CV: 0.964) | EXTREME volatility in FG3M (CV: 1.165) | EXTREME volatility in FGM (CV: 1.091) | EXTREME volatility in FTM (CV: 1.748)
Maddy Siegrist,EXTREME,"['EXTREME volatility in PTS (CV: 0.446)', 'EXTREME volatility in REB (CV: 0.608)', 'EXTREME volatility in AST (CV: 1.748)', 'EXTREME volatility in STL (CV: 2.108)', 'EXTREME volatility in BLK (CV: 1.700)', 'EXTREME volatility in FG3M (CV: 1.405)', 'EXTREME volatility in FGM (CV: 0.442)', 'EXTREME volatility in FTM (CV: 1.165)']",EXTREME volatility in PTS (CV: 0.446) | EXTREME volatility in REB (CV: 0.608) | EXTREME volatility in AST (CV: 1.748) | EXTREME volatility in STL (CV: 2.108) | EXTREME volatility in BLK (CV: 1.700) | EXTREME volatility in FG3M (CV: 1.405) | EXTREME volatility in FGM (CV: 0.442) | EXTREME volatility in FTM (CV: 1.165)
Tiffany Mitchell,EXTREME,"['EXTREME volatility in PTS (CV: 0.443)', 'EXTREME volatility in REB (CV: 0.943)', 'EXTREME volatility in AST (CV: 1.405)', 'EXTREME volatility in STL (CV: 1.291)', 'EXTREME volatility in BLK (CV: 2.108)', 'EXTREME volatility in FG3M (CV: 1.610)', 'EXTREME volatility in FGM (CV: 0.964)', 'EXTREME volatility in FTM (CV: 0.834)']",EXTREME volatility in PTS (CV: 0.443) | EXTREME volatility in REB (CV: 0.943) | EXTREME volatility in AST (CV: 1.405) | EXTREME volatility in STL (CV: 1.291) | EXTREME volatility in BLK (CV: 2.108) | EXTREME volatility in FG3M (CV: 1.610) | EXTREME volatility in FGM (CV: 0.964) | EXTREME volatility in FTM (CV: 0.834)
Damiris Dantas,EXTREME,"['EXTREME volatility in PTS (CV: 0.788)', 'EXTREME volatility in REB (CV: 0.639)', 'EXTREME volatility in AST (CV: 1.054)', 'EXTREME volatility in STL (CV: 2.108)', 'EXTREME volatility in BLK (CV: 1.610)', 'EXTREME volatility in FG3M (CV: 1.165)', 'EXTREME volatility in FGM (CV: 0.861)', 'EXTREME volatility in FTM (CV: 1.330)']",EXTREME volatility in PTS (CV: 0.788) | EXTREME volatility in REB (CV: 0.639) | EXTREME volatility in AST (CV: 1.054) | EXTREME volatility in STL (CV: 2.108) | EXTREME volatility in BLK (CV: 1.610) | EXTREME volatility in FG3M (CV: 1.165) | EXTREME volatility in FGM (CV: 0.861) | EXTREME volatility in FTM (CV: 1.330)
Marine Johannes,EXTREME,"['EXTREME volatility in PTS (CV: 0.868)', 'EXTREME volatility in REB (CV: 0.471)', 'EXTREME volatility in AST (CV: 1.223)', 'EXTREME volatility in STL (CV: 1.788)', 'EXTREME volatility in BLK (CV: 2.108)', 'EXTREME volatility in FG3M (CV: 1.070)', 'EXTREME volatility in FGM (CV: 0.824)']",EXTREME volatility in PTS (CV: 0.868) | EXTREME volatility in REB (CV: 0.471) | EXTREME volatility in AST (CV: 1.223) | EXTREME volatility in STL (CV: 1.788) | EXTREME volatility in BLK (CV: 2.108) | EXTREME volatility in FG3M (CV: 1.070) | EXTREME volatility in FGM (CV: 0.824)
Monique Billings,EXTREME,"['EXTREME volatility in PTS (CV: 0.635)', 'EXTREME volatility in REB (CV: 0.618)', 'EXTREME volatility in AST (CV: 1.748)', 'EXTREME volatility in STL (CV: 1.792)', 'EXTREME volatility in BLK (CV: 0.964)', 'EXTREME volatility in FG3M (CV: 2.108)', 'EXTREME volatility in FGM (CV: 0.712)', 'EXTREME volatility in FTM (CV: 0.963)']",EXTREME volatility in PTS (CV: 0.635) | EXTREME volatility in REB (CV: 0.618) | EXTREME volatility in AST (CV: 1.748) | EXTREME volatility in STL (CV: 1.792) | EXTREME volatility in BLK (CV: 0.964) | EXTREME volatility in FG3M (CV: 2.108) | EXTREME volatility in FGM (CV: 0.712) | EXTREME volatility in FTM (CV: 0.963)
Rae Burrell,EXTREME,"['EXTREME volatility in PTS (CV: 0.978)', 'EXTREME volatility in REB (CV: 0.943)', 'EXTREME volatility in AST (CV: 1.150)', 'EXTREME volatility in STL (CV: 1.024)', 'EXTREME volatility in BLK (CV: 1.610)', 'EXTREME volatility in FG3M (CV: 1.610)', 'EXTREME volatility in FGM (CV: 1.165)', 'EXTREME volatility in FTM (CV: 1.029)']",EXTREME volatility in PTS (CV: 0.978) | EXTREME volatility in REB (CV: 0.943) | EXTREME volatility in AST (CV: 1.150) | EXTREME volatility in STL (CV: 1.024) | EXTREME volatility in BLK (CV: 1.610) | EXTREME volatility in FG3M (CV: 1.610) | EXTREME volatility in FGM (CV: 1.165) | EXTREME volatility in FTM (CV: 1.029)
Leonie Fiebich,EXTREME,"['EXTREME volatility in PTS (CV: 0.778)', 'EXTREME volatility in REB (CV: 0.963)', 'EXTREME volatility in AST (CV: 1.054)', 'EXTREME volatility in STL (CV: 1.291)', 'EXTREME volatility in BLK (CV: 2.415)', 'EXTREME volatility in FG3M (CV: 0.861)', 'EXTREME volatility in FGM (CV: 0.726)', 'EXTREME volatility in FTM (CV: 1.405)']",EXTREME volatility in PTS (CV: 0.778) | EXTREME volatility in REB (CV: 0.963) | EXTREME volatility in AST (CV: 1.054) | EXTREME volatility in STL (CV: 1.291) | EXTREME volatility in BLK (CV: 2.415) | EXTREME volatility in FG3M (CV: 0.861) | EXTREME volatility in FGM (CV: 0.726) | EXTREME volatility in FTM (CV: 1.405)
Teaira McCowan,EXTREME,"['EXTREME volatility in PTS (CV: 0.795)', 'EXTREME volatility in REB (CV: 0.658)', 'EXTREME volatility in AST (CV: 1.405)', 'EXTREME volatility in STL (CV: 1.610)', 'EXTREME volatility in BLK (CV: 1.792)', 'EXTREME volatility in FGM (CV: 0.850)', 'EXTREME volatility in FTM (CV: 1.165)']",EXTREME volatility in PTS (CV: 0.795) | EXTREME volatility in REB (CV: 0.658) | EXTREME volatility in AST (CV: 1.405) | EXTREME volatility in STL (CV: 1.610) | EXTREME volatility in BLK (CV: 1.792) | EXTREME volatility in FGM (CV: 0.850) | EXTREME volatility in FTM (CV: 1.165)
Myisha Hines-Allen,EXTREME,"['EXTREME volatility in PTS (CV: 0.726)', 'EXTREME volatility in REB (CV: 0.620)', 'EXTREME volatility in AST (CV: 0.470)', 'EXTREME volatility in STL (CV: 1.430)', 'EXTREME volatility in BLK (CV: 1.610)', 'EXTREME volatility in FG3M (CV: 3.162)', 'EXTREME volatility in FGM (CV: 0.766)', 'EXTREME volatility in FTM (CV: 0.672)']",EXTREME volatility in PTS (CV: 0.726) | EXTREME volatility in REB (CV: 0.620) | EXTREME volatility in AST (CV: 0.470) | EXTREME volatility in STL (CV: 1.430) | EXTREME volatility in BLK (CV: 1.610) | EXTREME volatility in FG3M (CV: 3.162) | EXTREME volatility in FGM (CV: 0.766) | EXTREME volatility in FTM (CV: 0.672)
Aliyah Boston,EXTREME,"['EXTREME volatility in PTS (CV: 0.541)', 'EXTREME volatility in REB (CV: 0.531)', 'EXTREME volatility in AST (CV: 0.533)', 'EXTREME volatility in STL (CV: 2.250)', 'EXTREME volatility in BLK (CV: 0.941)', 'EXTREME volatility in FG3M (CV: 3.162)', 'EXTREME volatility in FGM (CV: 0.539)', 'EXTREME volatility in FTM (CV: 0.882)']",EXTREME volatility in PTS (CV: 0.541) | EXTREME volatility in REB (CV: 0.531) | EXTREME volatility in AST (CV: 0.533) | EXTREME volatility in STL (CV: 2.250) | EXTREME volatility in BLK (CV: 0.941) | EXTREME volatility in FG3M (CV: 3.162) | EXTREME volatility in FGM (CV: 0.539) | EXTREME volatility in FTM (CV: 0.882)
Jade Melbourne,EXTREME,"['EXTREME volatility in PTS (CV: 0.624)', 'EXTREME volatility in REB (CV: 0.878)', 'EXTREME volatility in AST (CV: 0.948)', 'EXTREME volatility in STL (CV: 1.054)', 'EXTREME volatility in BLK (CV: 3.162)', 'EXTREME volatility in FG3M (CV: 0.861)', 'EXTREME volatility in FGM (CV: 0.648)', 'EXTREME volatility in FTM (CV: 1.024)']",EXTREME volatility in PTS (CV: 0.624) | EXTREME volatility in REB (CV: 0.878) | EXTREME volatility in AST (CV: 0.948) | EXTREME volatility in STL (CV: 1.054) | EXTREME volatility in BLK (CV: 3.162) | EXTREME volatility in FG3M (CV: 0.861) | EXTREME volatility in FGM (CV: 0.648) | EXTREME volatility in FTM (CV: 1.024)
Jessica Shepard,EXTREME,"['EXTREME volatility in PTS (CV: 0.713)', 'EXTREME volatility in REB (CV: 0.524)', 'EXTREME volatility in AST (CV: 0.624)', 'EXTREME volatility in STL (CV: 1.291)', 'EXTREME volatility in BLK (CV: 3.162)', 'EXTREME volatility in FGM (CV: 0.838)', 'EXTREME volatility in FTM (CV: 0.850)']",EXTREME volatility in PTS (CV: 0.713) | EXTREME volatility in REB (CV: 0.524) | EXTREME volatility in AST (CV: 0.624) | EXTREME volatility in STL (CV: 1.291) | EXTREME volatility in BLK (CV: 3.162) | EXTREME volatility in FGM (CV: 0.838) | EXTREME volatility in FTM (CV: 0.850)
Naz Hillmon,EXTREME,"['EXTREME volatility in PTS (CV: 0.755)', 'EXTREME volatility in REB (CV: 0.742)', 'EXTREME volatility in AST (CV: 0.824)', 'EXTREME volatility in STL (CV: 1.610)', 'EXTREME volatility in BLK (CV: 1.700)', 'EXTREME volatility in FG3M (CV: 0.986)', 'EXTREME volatility in FGM (CV: 0.740)', 'EXTREME volatility in FTM (CV: 1.748)']",EXTREME volatility in PTS (CV: 0.755) | EXTREME volatility in REB (CV: 0.742) | EXTREME volatility in AST (CV: 0.824) | EXTREME volatility in STL (CV: 1.610) | EXTREME volatility in BLK (CV: 1.700) | EXTREME volatility in FG3M (CV: 0.986) | EXTREME volatility in FGM (CV: 0.740) | EXTREME volatility in FTM (CV: 1.748)
Celeste Taylor,EXTREME,"['EXTREME volatility in PTS (CV: 0.710)', 'EXTREME volatility in REB (CV: 0.681)', 'EXTREME volatility in AST (CV: 1.106)', 'EXTREME volatility in STL (CV: 1.150)', 'EXTREME volatility in BLK (CV: 0.964)', 'EXTREME volatility in FG3M (CV: 2.250)', 'EXTREME volatility in FGM (CV: 0.657)', 'EXTREME volatility in FTM (CV: 1.513)']",EXTREME volatility in PTS (CV: 0.710) | EXTREME volatility in REB (CV: 0.681) | EXTREME volatility in AST (CV: 1.106) | EXTREME volatility in STL (CV: 1.150) | EXTREME volatility in BLK (CV: 0.964) | EXTREME volatility in FG3M (CV: 2.250) | EXTREME volatility in FGM (CV: 0.657) | EXTREME volatility in FTM (CV: 1.513)
Sika Koné,EXTREME,"['EXTREME volatility in PTS (CV: 0.591)', 'EXTREME volatility in REB (CV: 0.491)', 'EXTREME volatility in AST (CV: 0.904)', 'EXTREME volatility in STL (CV: 1.748)', 'EXTREME volatility in BLK (CV: 2.108)', 'EXTREME volatility in FG3M (CV: 1.748)', 'EXTREME volatility in FGM (CV: 0.679)', 'EXTREME volatility in FTM (CV: 0.657)']",EXTREME volatility in PTS (CV: 0.591) | EXTREME volatility in REB (CV: 0.491) | EXTREME volatility in AST (CV: 0.904) | EXTREME volatility in STL (CV: 1.748) | EXTREME volatility in BLK (CV: 2.108) | EXTREME volatility in FG3M (CV: 1.748) | EXTREME volatility in FGM (CV: 0.679) | EXTREME volatility in FTM (CV: 0.657)
Nia Coffey,EXTREME,"['EXTREME volatility in PTS (CV: 1.029)', 'EXTREME volatility in REB (CV: 0.824)', 'EXTREME volatility in AST (CV: 0.787)', 'EXTREME volatility in STL (CV: 1.414)', 'EXTREME volatility in BLK (CV: 1.414)', 'EXTREME volatility in FG3M (CV: 0.946)', 'EXTREME volatility in FGM (CV: 1.076)', 'EXTREME volatility in FTM (CV: 1.430)']",EXTREME volatility in PTS (CV: 1.029) | EXTREME volatility in REB (CV: 0.824) | EXTREME volatility in AST (CV: 0.787) | EXTREME volatility in STL (CV: 1.414) | EXTREME volatility in BLK (CV: 1.414) | EXTREME volatility in FG3M (CV: 0.946) | EXTREME volatility in FGM (CV: 1.076) | EXTREME volatility in FTM (CV: 1.430)
Sami Whitcomb,EXTREME,"['EXTREME volatility in PTS (CV: 0.500)', 'EXTREME volatility in REB (CV: 0.552)', 'EXTREME volatility in AST (CV: 0.861)', 'EXTREME volatility in STL (CV: 0.986)', 'EXTREME volatility in BLK (CV: 3.162)', 'EXTREME volatility in FG3M (CV: 0.904)', 'EXTREME volatility in FGM (CV: 0.535)', 'EXTREME volatility in FTM (CV: 1.355)']",EXTREME volatility in PTS (CV: 0.500) | EXTREME volatility in REB (CV: 0.552) | EXTREME volatility in AST (CV: 0.861) | EXTREME volatility in STL (CV: 0.986) | EXTREME volatility in BLK (CV: 3.162) | EXTREME volatility in FG3M (CV: 0.904) | EXTREME volatility in FGM (CV: 0.535) | EXTREME volatility in FTM (CV: 1.355)
Tina Charles,EXTREME,"['EXTREME volatility in PTS (CV: 0.401)', 'EXTREME volatility in REB (CV: 0.509)', 'EXTREME volatility in AST (CV: 0.734)', 'EXTREME volatility in STL (CV: 0.943)', 'EXTREME volatility in BLK (CV: 3.162)', 'EXTREME volatility in FG3M (CV: 1.748)', 'EXTREME volatility in FTM (CV: 0.831)']",EXTREME volatility in PTS (CV: 0.401) | EXTREME volatility in REB (CV: 0.509) | EXTREME volatility in AST (CV: 0.734) | EXTREME volatility in STL (CV: 0.943) | EXTREME volatility in BLK (CV: 3.162) | EXTREME volatility in FG3M (CV: 1.748) | EXTREME volatility in FTM (CV: 0.831)
Kiki Iriafen,EXTREME,"['EXTREME volatility in AST (CV: 0.943)', 'EXTREME volatility in STL (CV: 1.748)', 'EXTREME volatility in BLK (CV: 3.162)', 'EXTREME volatility in FTM (CV: 0.690)']",EXTREME volatility in AST (CV: 0.943) | EXTREME volatility in STL (CV: 1.748) | EXTREME volatility in BLK (CV: 3.162) | EXTREME volatility in FTM (CV: 0.690)
Kia Nurse,EXTREME,"['EXTREME volatility in PTS (CV: 0.563)', 'EXTREME volatility in REB (CV: 0.511)', 'EXTREME volatility in AST (CV: 0.796)', 'EXTREME volatility in STL (CV: 1.610)', 'EXTREME volatility in BLK (CV: 2.108)', 'EXTREME volatility in FG3M (CV: 0.964)', 'EXTREME volatility in FGM (CV: 0.487)', 'EXTREME volatility in FTM (CV: 1.513)']",EXTREME volatility in PTS (CV: 0.563) | EXTREME volatility in REB (CV: 0.511) | EXTREME volatility in AST (CV: 0.796) | EXTREME volatility in STL (CV: 1.610) | EXTREME volatility in BLK (CV: 2.108) | EXTREME volatility in FG3M (CV: 0.964) | EXTREME volatility in FGM (CV: 0.487) | EXTREME volatility in FTM (CV: 1.513)
Monique Akoa Makani,EXTREME,"['EXTREME volatility in PTS (CV: 0.604)', 'EXTREME volatility in REB (CV: 0.686)', 'EXTREME volatility in AST (CV: 0.550)', 'EXTREME volatility in STL (CV: 1.105)', 'EXTREME volatility in BLK (CV: 3.162)', 'EXTREME volatility in FG3M (CV: 0.956)', 'EXTREME volatility in FGM (CV: 0.579)', 'EXTREME volatility in FTM (CV: 0.904)']",EXTREME volatility in PTS (CV: 0.604) | EXTREME volatility in REB (CV: 0.686) | EXTREME volatility in AST (CV: 0.550) | EXTREME volatility in STL (CV: 1.105) | EXTREME volatility in BLK (CV: 3.162) | EXTREME volatility in FG3M (CV: 0.956) | EXTREME volatility in FGM (CV: 0.579) | EXTREME volatility in FTM (CV: 0.904)
Rebecca Allen,EXTREME,"['EXTREME volatility in PTS (CV: 0.771)', 'EXTREME volatility in AST (CV: 0.946)', 'EXTREME volatility in STL (CV: 1.291)', 'EXTREME volatility in BLK (CV: 1.610)', 'EXTREME volatility in FG3M (CV: 1.088)', 'EXTREME volatility in FGM (CV: 0.766)', 'EXTREME volatility in FTM (CV: 1.748)']",EXTREME volatility in PTS (CV: 0.771) | EXTREME volatility in AST (CV: 0.946) | EXTREME volatility in STL (CV: 1.291) | EXTREME volatility in BLK (CV: 1.610) | EXTREME volatility in FG3M (CV: 1.088) | EXTREME volatility in FGM (CV: 0.766) | EXTREME volatility in FTM (CV: 1.748)
Natasha Howard,EXTREME,"['EXTREME volatility in PTS (CV: 0.592)', 'EXTREME volatility in AST (CV: 0.986)', 'EXTREME volatility in STL (CV: 1.105)', 'EXTREME volatility in BLK (CV: 1.700)', 'EXTREME volatility in FG3M (CV: 2.108)', 'EXTREME volatility in FGM (CV: 0.643)', 'EXTREME volatility in FTM (CV: 0.892)']",EXTREME volatility in PTS (CV: 0.592) | EXTREME volatility in AST (CV: 0.986) | EXTREME volatility in STL (CV: 1.105) | EXTREME volatility in BLK (CV: 1.700) | EXTREME volatility in FG3M (CV: 2.108) | EXTREME volatility in FGM (CV: 0.643) | EXTREME volatility in FTM (CV: 0.892)
DeWanna Bonner,EXTREME,"['EXTREME volatility in PTS (CV: 0.849)', 'EXTREME volatility in REB (CV: 0.552)', 'EXTREME volatility in AST (CV: 0.437)', 'EXTREME volatility in STL (CV: 0.861)', 'EXTREME volatility in BLK (CV: 2.108)', 'EXTREME volatility in FG3M (CV: 1.054)', 'EXTREME volatility in FGM (CV: 0.838)', 'EXTREME volatility in FTM (CV: 1.642)']",EXTREME volatility in PTS (CV: 0.849) | EXTREME volatility in REB (CV: 0.552) | EXTREME volatility in AST (CV: 0.437) | EXTREME volatility in STL (CV: 0.861) | EXTREME volatility in BLK (CV: 2.108) | EXTREME volatility in FG3M (CV: 1.054) | EXTREME volatility in FGM (CV: 0.838) | EXTREME volatility in FTM (CV: 1.642)
Aaliyah Edwards,EXTREME,"['EXTREME volatility in PTS (CV: 0.827)', 'EXTREME volatility in REB (CV: 0.631)', 'EXTREME volatility in AST (CV: 0.667)', 'EXTREME volatility in STL (CV: 0.861)', 'EXTREME volatility in BLK (CV: 2.415)', 'EXTREME volatility in FGM (CV: 0.977)', 'EXTREME volatility in FTM (CV: 0.892)']",EXTREME volatility in PTS (CV: 0.827) | EXTREME volatility in REB (CV: 0.631) | EXTREME volatility in AST (CV: 0.667) | EXTREME volatility in STL (CV: 0.861) | EXTREME volatility in BLK (CV: 2.415) | EXTREME volatility in FGM (CV: 0.977) | EXTREME volatility in FTM (CV: 0.892)
Jewell Loyd,EXTREME,"['EXTREME volatility in PTS (CV: 0.588)', 'EXTREME volatility in REB (CV: 0.524)', 'EXTREME volatility in AST (CV: 0.613)', 'EXTREME volatility in STL (CV: 1.024)', 'EXTREME volatility in BLK (CV: 3.162)', 'EXTREME volatility in FG3M (CV: 0.791)', 'EXTREME volatility in FGM (CV: 0.644)', 'EXTREME volatility in FTM (CV: 0.903)']",EXTREME volatility in PTS (CV: 0.588) | EXTREME volatility in REB (CV: 0.524) | EXTREME volatility in AST (CV: 0.613) | EXTREME volatility in STL (CV: 1.024) | EXTREME volatility in BLK (CV: 3.162) | EXTREME volatility in FG3M (CV: 0.791) | EXTREME volatility in FGM (CV: 0.644) | EXTREME volatility in FTM (CV: 0.903)
Chennedy Carter,EXTREME,"['EXTREME volatility in AST (CV: 0.547)', 'EXTREME volatility in STL (CV: 1.105)', 'EXTREME volatility in BLK (CV: 3.162)', 'EXTREME volatility in FG3M (CV: 1.792)', 'EXTREME volatility in FTM (CV: 0.510)']",EXTREME volatility in AST (CV: 0.547) | EXTREME volatility in STL (CV: 1.105) | EXTREME volatility in BLK (CV: 3.162) | EXTREME volatility in FG3M (CV: 1.792) | EXTREME volatility in FTM (CV: 0.510)
Aerial Powers,EXTREME,"['EXTREME volatility in PTS (CV: 0.611)', 'EXTREME volatility in REB (CV: 0.752)', 'EXTREME volatility in AST (CV: 0.838)', 'EXTREME volatility in STL (CV: 1.000)', 'EXTREME volatility in BLK (CV: 2.108)', 'EXTREME volatility in FG3M (CV: 0.820)', 'EXTREME volatility in FGM (CV: 0.685)', 'EXTREME volatility in FTM (CV: 1.357)']",EXTREME volatility in PTS (CV: 0.611) | EXTREME volatility in REB (CV: 0.752) | EXTREME volatility in AST (CV: 0.838) | EXTREME volatility in STL (CV: 1.000) | EXTREME volatility in BLK (CV: 2.108) | EXTREME volatility in FG3M (CV: 0.820) | EXTREME volatility in FGM (CV: 0.685) | EXTREME volatility in FTM (CV: 1.357)
Diana Taurasi,EXTREME,"['EXTREME volatility in PTS (CV: 0.435)', 'EXTREME volatility in REB (CV: 0.499)', 'EXTREME volatility in STL (CV: 1.700)', 'EXTREME volatility in BLK (CV: 3.162)', 'EXTREME volatility in FG3M (CV: 0.623)', 'EXTREME volatility in FGM (CV: 0.548)', 'EXTREME volatility in FTM (CV: 0.871)']",EXTREME volatility in PTS (CV: 0.435) | EXTREME volatility in REB (CV: 0.499) | EXTREME volatility in STL (CV: 1.700) | EXTREME volatility in BLK (CV: 3.162) | EXTREME volatility in FG3M (CV: 0.623) | EXTREME volatility in FGM (CV: 0.548) | EXTREME volatility in FTM (CV: 0.871)
Sarah Ashlee Barker,EXTREME,"['EXTREME volatility in PTS (CV: 0.512)', 'EXTREME volatility in REB (CV: 0.550)', 'EXTREME volatility in AST (CV: 1.006)', 'EXTREME volatility in STL (CV: 1.176)', 'EXTREME volatility in BLK (CV: 2.108)', 'EXTREME volatility in FG3M (CV: 0.986)', 'EXTREME volatility in FGM (CV: 0.648)', 'EXTREME volatility in FTM (CV: 1.105)']",EXTREME volatility in PTS (CV: 0.512) | EXTREME volatility in REB (CV: 0.550) | EXTREME volatility in AST (CV: 1.006) | EXTREME volatility in STL (CV: 1.176) | EXTREME volatility in BLK (CV: 2.108) | EXTREME volatility in FG3M (CV: 0.986) | EXTREME volatility in FGM (CV: 0.648) | EXTREME volatility in FTM (CV: 1.105)
Lexi Held,EXTREME,"['EXTREME volatility in PTS (CV: 0.788)', 'EXTREME volatility in REB (CV: 1.105)', 'EXTREME volatility in AST (CV: 0.846)', 'EXTREME volatility in STL (CV: 0.844)', 'EXTREME volatility in BLK (CV: 1.291)', 'EXTREME volatility in FG3M (CV: 0.791)', 'EXTREME volatility in FGM (CV: 0.763)', 'EXTREME volatility in FTM (CV: 1.657)']",EXTREME volatility in PTS (CV: 0.788) | EXTREME volatility in REB (CV: 1.105) | EXTREME volatility in AST (CV: 0.846) | EXTREME volatility in STL (CV: 0.844) | EXTREME volatility in BLK (CV: 1.291) | EXTREME volatility in FG3M (CV: 0.791) | EXTREME volatility in FGM (CV: 0.763) | EXTREME volatility in FTM (CV: 1.657)
Kathryn Westbeld,EXTREME,"['EXTREME volatility in PTS (CV: 0.707)', 'EXTREME volatility in REB (CV: 0.648)', 'EXTREME volatility in AST (CV: 0.904)', 'EXTREME volatility in STL (CV: 1.165)', 'EXTREME volatility in BLK (CV: 0.730)', 'EXTREME volatility in FG3M (CV: 0.946)', 'EXTREME volatility in FGM (CV: 0.707)', 'EXTREME volatility in FTM (CV: 2.250)']",EXTREME volatility in PTS (CV: 0.707) | EXTREME volatility in REB (CV: 0.648) | EXTREME volatility in AST (CV: 0.904) | EXTREME volatility in STL (CV: 1.165) | EXTREME volatility in BLK (CV: 0.730) | EXTREME volatility in FG3M (CV: 0.946) | EXTREME volatility in FGM (CV: 0.707) | EXTREME volatility in FTM (CV: 2.250)
Alysha Clark,EXTREME,"['EXTREME volatility in PTS (CV: 0.724)', 'EXTREME volatility in REB (CV: 0.623)', 'EXTREME volatility in AST (CV: 0.791)', 'EXTREME volatility in STL (CV: 0.791)', 'EXTREME volatility in FG3M (CV: 1.105)', 'EXTREME volatility in FGM (CV: 0.879)', 'EXTREME volatility in FTM (CV: 2.108)']",EXTREME volatility in PTS (CV: 0.724) | EXTREME volatility in REB (CV: 0.623) | EXTREME volatility in AST (CV: 0.791) | EXTREME volatility in STL (CV: 0.791) | EXTREME volatility in FG3M (CV: 1.105) | EXTREME volatility in FGM (CV: 0.879) | EXTREME volatility in FTM (CV: 2.108)
Angel Reese,EXTREME,"['EXTREME volatility in PTS (CV: 0.460)', 'EXTREME volatility in AST (CV: 0.833)', 'EXTREME volatility in STL (CV: 0.787)', 'EXTREME volatility in BLK (CV: 2.108)', 'EXTREME volatility in FG3M (CV: 2.108)', 'EXTREME volatility in FGM (CV: 0.635)', 'EXTREME volatility in FTM (CV: 0.844)']",EXTREME volatility in PTS (CV: 0.460) | EXTREME volatility in AST (CV: 0.833) | EXTREME volatility in STL (CV: 0.787) | EXTREME volatility in BLK (CV: 2.108) | EXTREME volatility in FG3M (CV: 2.108) | EXTREME volatility in FGM (CV: 0.635) | EXTREME volatility in FTM (CV: 0.844)
Tyasha Harris,EXTREME,"['EXTREME volatility in PTS (CV: 0.704)', 'EXTREME volatility in REB (CV: 1.111)', 'EXTREME volatility in STL (CV: 1.291)', 'EXTREME volatility in BLK (CV: 1.355)', 'EXTREME volatility in FG3M (CV: 0.791)', 'EXTREME volatility in FGM (CV: 0.710)', 'EXTREME volatility in FTM (CV: 1.610)']",EXTREME volatility in PTS (CV: 0.704) | EXTREME volatility in REB (CV: 1.111) | EXTREME volatility in STL (CV: 1.291) | EXTREME volatility in BLK (CV: 1.355) | EXTREME volatility in FG3M (CV: 0.791) | EXTREME volatility in FGM (CV: 0.710) | EXTREME volatility in FTM (CV: 1.610)
Brionna Jones,EXTREME,"['EXTREME volatility in PTS (CV: 0.403)', 'EXTREME volatility in REB (CV: 0.488)', 'EXTREME volatility in AST (CV: 0.791)', 'EXTREME volatility in STL (CV: 0.816)', 'EXTREME volatility in BLK (CV: 1.748)', 'EXTREME volatility in FG3M (CV: 2.250)', 'EXTREME volatility in FGM (CV: 0.422)', 'EXTREME volatility in FTM (CV: 0.904)']",EXTREME volatility in PTS (CV: 0.403) | EXTREME volatility in REB (CV: 0.488) | EXTREME volatility in AST (CV: 0.791) | EXTREME volatility in STL (CV: 0.816) | EXTREME volatility in BLK (CV: 1.748) | EXTREME volatility in FG3M (CV: 2.250) | EXTREME volatility in FGM (CV: 0.422) | EXTREME volatility in FTM (CV: 0.904)
Courtney Vandersloot,EXTREME,"['EXTREME volatility in PTS (CV: 0.746)', 'EXTREME volatility in REB (CV: 0.770)', 'EXTREME volatility in AST (CV: 0.747)', 'EXTREME volatility in STL (CV: 1.021)', 'EXTREME volatility in BLK (CV: 1.291)', 'EXTREME volatility in FG3M (CV: 1.414)', 'EXTREME volatility in FGM (CV: 0.719)', 'EXTREME volatility in FTM (CV: 1.097)']",EXTREME volatility in PTS (CV: 0.746) | EXTREME volatility in REB (CV: 0.770) | EXTREME volatility in AST (CV: 0.747) | EXTREME volatility in STL (CV: 1.021) | EXTREME volatility in BLK (CV: 1.291) | EXTREME volatility in FG3M (CV: 1.414) | EXTREME volatility in FGM (CV: 0.719) | EXTREME volatility in FTM (CV: 1.097)
Kamilla Cardoso,EXTREME,"['EXTREME volatility in PTS (CV: 0.525)', 'EXTREME volatility in AST (CV: 0.787)', 'EXTREME volatility in STL (CV: 2.108)', 'EXTREME volatility in BLK (CV: 1.355)', 'EXTREME volatility in FGM (CV: 0.590)', 'EXTREME volatility in FTM (CV: 1.145)']",EXTREME volatility in PTS (CV: 0.525) | EXTREME volatility in AST (CV: 0.787) | EXTREME volatility in STL (CV: 2.108) | EXTREME volatility in BLK (CV: 1.355) | EXTREME volatility in FGM (CV: 0.590) | EXTREME volatility in FTM (CV: 1.145)
Emily Engstler,EXTREME,"['EXTREME volatility in PTS (CV: 0.515)', 'EXTREME volatility in REB (CV: 0.634)', 'EXTREME volatility in AST (CV: 0.558)', 'EXTREME volatility in STL (CV: 0.861)', 'EXTREME volatility in BLK (CV: 1.291)', 'EXTREME volatility in FG3M (CV: 1.610)', 'EXTREME volatility in FGM (CV: 0.527)', 'EXTREME volatility in FTM (CV: 1.748)']",EXTREME volatility in PTS (CV: 0.515) | EXTREME volatility in REB (CV: 0.634) | EXTREME volatility in AST (CV: 0.558) | EXTREME volatility in STL (CV: 0.861) | EXTREME volatility in BLK (CV: 1.291) | EXTREME volatility in FG3M (CV: 1.610) | EXTREME volatility in FGM (CV: 0.527) | EXTREME volatility in FTM (CV: 1.748)
Aari McDonald,EXTREME,"['EXTREME volatility in PTS (CV: 0.776)', 'EXTREME volatility in REB (CV: 0.963)', 'EXTREME volatility in AST (CV: 0.598)', 'EXTREME volatility in STL (CV: 1.165)', 'EXTREME volatility in BLK (CV: 1.291)', 'EXTREME volatility in FG3M (CV: 1.165)', 'EXTREME volatility in FGM (CV: 0.838)', 'EXTREME volatility in FTM (CV: 0.938)']",EXTREME volatility in PTS (CV: 0.776) | EXTREME volatility in REB (CV: 0.963) | EXTREME volatility in AST (CV: 0.598) | EXTREME volatility in STL (CV: 1.165) | EXTREME volatility in BLK (CV: 1.291) | EXTREME volatility in FG3M (CV: 1.165) | EXTREME volatility in FGM (CV: 0.838) | EXTREME volatility in FTM (CV: 0.938)
Cameron Brink,EXTREME,"['EXTREME volatility in PTS (CV: 0.836)', 'EXTREME volatility in REB (CV: 0.518)', 'EXTREME volatility in AST (CV: 0.519)', 'EXTREME volatility in STL (CV: 0.943)', 'EXTREME volatility in BLK (CV: 0.910)', 'EXTREME volatility in FG3M (CV: 1.748)', 'EXTREME volatility in FGM (CV: 0.904)', 'EXTREME volatility in FTM (CV: 1.317)']",EXTREME volatility in PTS (CV: 0.836) | EXTREME volatility in REB (CV: 0.518) | EXTREME volatility in AST (CV: 0.519) | EXTREME volatility in STL (CV: 0.943) | EXTREME volatility in BLK (CV: 0.910) | EXTREME volatility in FG3M (CV: 1.748) | EXTREME volatility in FGM (CV: 0.904) | EXTREME volatility in FTM (CV: 1.317)
Alanna Smith,EXTREME,"['EXTREME volatility in PTS (CV: 0.704)', 'EXTREME volatility in REB (CV: 0.515)', 'EXTREME volatility in AST (CV: 0.721)', 'EXTREME volatility in STL (CV: 1.333)', 'EXTREME volatility in BLK (CV: 0.636)', 'EXTREME volatility in FG3M (CV: 0.894)', 'EXTREME volatility in FGM (CV: 0.699)', 'EXTREME volatility in FTM (CV: 2.108)']",EXTREME volatility in PTS (CV: 0.704) | EXTREME volatility in REB (CV: 0.515) | EXTREME volatility in AST (CV: 0.721) | EXTREME volatility in STL (CV: 1.333) | EXTREME volatility in BLK (CV: 0.636) | EXTREME volatility in FG3M (CV: 0.894) | EXTREME volatility in FGM (CV: 0.699) | EXTREME volatility in FTM (CV: 2.108)
Sophie Cunningham,EXTREME,"['EXTREME volatility in PTS (CV: 0.488)', 'EXTREME volatility in REB (CV: 0.461)', 'EXTREME volatility in AST (CV: 1.000)', 'EXTREME volatility in STL (CV: 0.964)', 'EXTREME volatility in BLK (CV: 2.108)', 'EXTREME volatility in FG3M (CV: 0.623)', 'EXTREME volatility in FGM (CV: 0.627)', 'EXTREME volatility in FTM (CV: 1.291)']",EXTREME volatility in PTS (CV: 0.488) | EXTREME volatility in REB (CV: 0.461) | EXTREME volatility in AST (CV: 1.000) | EXTREME volatility in STL (CV: 0.964) | EXTREME volatility in BLK (CV: 2.108) | EXTREME volatility in FG3M (CV: 0.623) | EXTREME volatility in FGM (CV: 0.627) | EXTREME volatility in FTM (CV: 1.291)
Temi Fagbenle,EXTREME,"['EXTREME volatility in REB (CV: 0.601)', 'EXTREME volatility in AST (CV: 0.721)', 'EXTREME volatility in STL (CV: 1.054)', 'EXTREME volatility in BLK (CV: 1.430)', 'EXTREME volatility in FG3M (CV: 1.414)', 'EXTREME volatility in FGM (CV: 0.431)', 'EXTREME volatility in FTM (CV: 1.414)']",EXTREME volatility in REB (CV: 0.601) | EXTREME volatility in AST (CV: 0.721) | EXTREME volatility in STL (CV: 1.054) | EXTREME volatility in BLK (CV: 1.430) | EXTREME volatility in FG3M (CV: 1.414) | EXTREME volatility in FGM (CV: 0.431) | EXTREME volatility in FTM (CV: 1.414)
Natisha Hiedeman,EXTREME,"['EXTREME volatility in PTS (CV: 0.442)', 'EXTREME volatility in REB (CV: 0.861)', 'EXTREME volatility in AST (CV: 0.782)', 'EXTREME volatility in STL (CV: 1.165)', 'EXTREME volatility in BLK (CV: 2.250)', 'EXTREME volatility in FG3M (CV: 0.671)', 'EXTREME volatility in FGM (CV: 0.527)', 'EXTREME volatility in FTM (CV: 0.730)']",EXTREME volatility in PTS (CV: 0.442) | EXTREME volatility in REB (CV: 0.861) | EXTREME volatility in AST (CV: 0.782) | EXTREME volatility in STL (CV: 1.165) | EXTREME volatility in BLK (CV: 2.250) | EXTREME volatility in FG3M (CV: 0.671) | EXTREME volatility in FGM (CV: 0.527) | EXTREME volatility in FTM (CV: 0.730)
Rickea Jackson,EXTREME,"['EXTREME volatility in PTS (CV: 0.639)', 'EXTREME volatility in REB (CV: 0.585)', 'EXTREME volatility in AST (CV: 0.730)', 'EXTREME volatility in STL (CV: 0.986)', 'EXTREME volatility in BLK (CV: 1.748)', 'EXTREME volatility in FG3M (CV: 1.100)', 'EXTREME volatility in FGM (CV: 0.604)', 'EXTREME volatility in FTM (CV: 1.015)']",EXTREME volatility in PTS (CV: 0.639) | EXTREME volatility in REB (CV: 0.585) | EXTREME volatility in AST (CV: 0.730) | EXTREME volatility in STL (CV: 0.986) | EXTREME volatility in BLK (CV: 1.748) | EXTREME volatility in FG3M (CV: 1.100) | EXTREME volatility in FGM (CV: 0.604) | EXTREME volatility in FTM (CV: 1.015)
Azurá Stevens,EXTREME,"['EXTREME volatility in PTS (CV: 0.667)', 'EXTREME volatility in REB (CV: 0.712)', 'EXTREME volatility in AST (CV: 1.223)', 'EXTREME volatility in STL (CV: 0.861)', 'EXTREME volatility in BLK (CV: 1.291)', 'EXTREME volatility in FG3M (CV: 1.029)', 'EXTREME volatility in FGM (CV: 0.602)', 'EXTREME volatility in FTM (CV: 0.973)']",EXTREME volatility in PTS (CV: 0.667) | EXTREME volatility in REB (CV: 0.712) | EXTREME volatility in AST (CV: 1.223) | EXTREME volatility in STL (CV: 0.861) | EXTREME volatility in BLK (CV: 1.291) | EXTREME volatility in FG3M (CV: 1.029) | EXTREME volatility in FGM (CV: 0.602) | EXTREME volatility in FTM (CV: 0.973)
Olivia Nelson-Ododa,EXTREME,"['EXTREME volatility in PTS (CV: 0.518)', 'EXTREME volatility in REB (CV: 0.515)', 'EXTREME volatility in AST (CV: 1.656)', 'EXTREME volatility in STL (CV: 1.105)', 'EXTREME volatility in BLK (CV: 1.054)', 'EXTREME volatility in FGM (CV: 0.648)', 'EXTREME volatility in FTM (CV: 0.910)']",EXTREME volatility in PTS (CV: 0.518) | EXTREME volatility in REB (CV: 0.515) | EXTREME volatility in AST (CV: 1.656) | EXTREME volatility in STL (CV: 1.105) | EXTREME volatility in BLK (CV: 1.054) | EXTREME volatility in FGM (CV: 0.648) | EXTREME volatility in FTM (CV: 0.910)
Arike Ogunbowale,EXTREME,"['EXTREME volatility in PTS (CV: 0.584)', 'EXTREME volatility in REB (CV: 0.411)', 'EXTREME volatility in STL (CV: 1.070)', 'EXTREME volatility in BLK (CV: 2.250)', 'EXTREME volatility in FG3M (CV: 1.061)', 'EXTREME volatility in FGM (CV: 0.616)', 'EXTREME volatility in FTM (CV: 0.893)']",EXTREME volatility in PTS (CV: 0.584) | EXTREME volatility in REB (CV: 0.411) | EXTREME volatility in STL (CV: 1.070) | EXTREME volatility in BLK (CV: 2.250) | EXTREME volatility in FG3M (CV: 1.061) | EXTREME volatility in FGM (CV: 0.616) | EXTREME volatility in FTM (CV: 0.893)
Kelsey Mitchell,EXTREME,"['EXTREME volatility in REB (CV: 0.879)', 'EXTREME volatility in AST (CV: 0.573)', 'EXTREME volatility in STL (CV: 0.657)', 'EXTREME volatility in BLK (CV: 3.162)', 'EXTREME volatility in FG3M (CV: 0.736)', 'EXTREME volatility in FTM (CV: 0.688)']",EXTREME volatility in REB (CV: 0.879) | EXTREME volatility in AST (CV: 0.573) | EXTREME volatility in STL (CV: 0.657) | EXTREME volatility in BLK (CV: 3.162) | EXTREME volatility in FG3M (CV: 0.736) | EXTREME volatility in FTM (CV: 0.688)
Tiffany Hayes,EXTREME,"['EXTREME volatility in PTS (CV: 0.646)', 'EXTREME volatility in REB (CV: 0.916)', 'EXTREME volatility in AST (CV: 0.745)', 'EXTREME volatility in STL (CV: 0.820)', 'EXTREME volatility in BLK (CV: 1.610)', 'EXTREME volatility in FG3M (CV: 1.088)', 'EXTREME volatility in FGM (CV: 0.754)', 'EXTREME volatility in FTM (CV: 0.660)']",EXTREME volatility in PTS (CV: 0.646) | EXTREME volatility in REB (CV: 0.916) | EXTREME volatility in AST (CV: 0.745) | EXTREME volatility in STL (CV: 0.820) | EXTREME volatility in BLK (CV: 1.610) | EXTREME volatility in FG3M (CV: 1.088) | EXTREME volatility in FGM (CV: 0.754) | EXTREME volatility in FTM (CV: 0.660)
Courtney Williams,EXTREME,"['EXTREME volatility in PTS (CV: 0.681)', 'EXTREME volatility in AST (CV: 0.422)', 'EXTREME volatility in STL (CV: 0.766)', 'EXTREME volatility in BLK (CV: 2.108)', 'EXTREME volatility in FG3M (CV: 0.963)', 'EXTREME volatility in FGM (CV: 0.736)', 'EXTREME volatility in FTM (CV: 1.155)']",EXTREME volatility in PTS (CV: 0.681) | EXTREME volatility in AST (CV: 0.422) | EXTREME volatility in STL (CV: 0.766) | EXTREME volatility in BLK (CV: 2.108) | EXTREME volatility in FG3M (CV: 0.963) | EXTREME volatility in FGM (CV: 0.736) | EXTREME volatility in FTM (CV: 1.155)
Jordin Canada,EXTREME,"['EXTREME volatility in PTS (CV: 0.667)', 'EXTREME volatility in REB (CV: 0.635)', 'EXTREME volatility in STL (CV: 0.690)', 'EXTREME volatility in BLK (CV: 1.610)', 'EXTREME volatility in FG3M (CV: 1.176)', 'EXTREME volatility in FGM (CV: 0.729)', 'EXTREME volatility in FTM (CV: 1.210)']",EXTREME volatility in PTS (CV: 0.667) | EXTREME volatility in REB (CV: 0.635) | EXTREME volatility in STL (CV: 0.690) | EXTREME volatility in BLK (CV: 1.610) | EXTREME volatility in FG3M (CV: 1.176) | EXTREME volatility in FGM (CV: 0.729) | EXTREME volatility in FTM (CV: 1.210)
Bridget Carleton,EXTREME,"['EXTREME volatility in PTS (CV: 0.462)', 'EXTREME volatility in REB (CV: 0.591)', 'EXTREME volatility in AST (CV: 0.432)', 'EXTREME volatility in STL (CV: 0.796)', 'EXTREME volatility in BLK (CV: 1.414)', 'EXTREME volatility in FG3M (CV: 0.690)', 'EXTREME volatility in FGM (CV: 0.451)', 'EXTREME volatility in FTM (CV: 2.108)']",EXTREME volatility in PTS (CV: 0.462) | EXTREME volatility in REB (CV: 0.591) | EXTREME volatility in AST (CV: 0.432) | EXTREME volatility in STL (CV: 0.796) | EXTREME volatility in BLK (CV: 1.414) | EXTREME volatility in FG3M (CV: 0.690) | EXTREME volatility in FGM (CV: 0.451) | EXTREME volatility in FTM (CV: 2.108)
Natasha Mack,EXTREME,"['EXTREME volatility in PTS (CV: 0.579)', 'EXTREME volatility in REB (CV: 0.479)', 'EXTREME volatility in AST (CV: 0.986)', 'EXTREME volatility in STL (CV: 0.667)', 'EXTREME volatility in BLK (CV: 1.430)', 'EXTREME volatility in FGM (CV: 0.636)', 'EXTREME volatility in FTM (CV: 1.291)']",EXTREME volatility in PTS (CV: 0.579) | EXTREME volatility in REB (CV: 0.479) | EXTREME volatility in AST (CV: 0.986) | EXTREME volatility in STL (CV: 0.667) | EXTREME volatility in BLK (CV: 1.430) | EXTREME volatility in FGM (CV: 0.636) | EXTREME volatility in FTM (CV: 1.291)
Azura Stevens,EXTREME,"['EXTREME volatility in PTS (CV: 0.628)', 'EXTREME volatility in AST (CV: 0.731)', 'EXTREME volatility in STL (CV: 0.892)', 'EXTREME volatility in BLK (CV: 1.330)', 'EXTREME volatility in FG3M (CV: 1.205)', 'EXTREME volatility in FGM (CV: 0.719)', 'EXTREME volatility in FTM (CV: 1.046)']",EXTREME volatility in PTS (CV: 0.628) | EXTREME volatility in AST (CV: 0.731) | EXTREME volatility in STL (CV: 0.892) | EXTREME volatility in BLK (CV: 1.330) | EXTREME volatility in FG3M (CV: 1.205) | EXTREME volatility in FGM (CV: 0.719) | EXTREME volatility in FTM (CV: 1.046)
Lexie Hull,EXTREME,"['EXTREME volatility in PTS (CV: 0.456)', 'EXTREME volatility in REB (CV: 0.570)', 'EXTREME volatility in AST (CV: 0.941)', 'EXTREME volatility in STL (CV: 0.519)', 'EXTREME volatility in BLK (CV: 2.250)', 'EXTREME volatility in FG3M (CV: 0.648)', 'EXTREME volatility in FGM (CV: 0.493)', 'EXTREME volatility in FTM (CV: 0.964)']",EXTREME volatility in PTS (CV: 0.456) | EXTREME volatility in REB (CV: 0.570) | EXTREME volatility in AST (CV: 0.941) | EXTREME volatility in STL (CV: 0.519) | EXTREME volatility in BLK (CV: 2.250) | EXTREME volatility in FG3M (CV: 0.648) | EXTREME volatility in FGM (CV: 0.493) | EXTREME volatility in FTM (CV: 0.964)
Natasha Cloud,EXTREME,"['EXTREME volatility in PTS (CV: 0.793)', 'EXTREME volatility in REB (CV: 0.471)', 'EXTREME volatility in STL (CV: 0.861)', 'EXTREME volatility in BLK (CV: 1.405)', 'EXTREME volatility in FG3M (CV: 1.024)', 'EXTREME volatility in FGM (CV: 0.853)', 'EXTREME volatility in FTM (CV: 1.029)']",EXTREME volatility in PTS (CV: 0.793) | EXTREME volatility in REB (CV: 0.471) | EXTREME volatility in STL (CV: 0.861) | EXTREME volatility in BLK (CV: 1.405) | EXTREME volatility in FG3M (CV: 1.024) | EXTREME volatility in FGM (CV: 0.853) | EXTREME volatility in FTM (CV: 1.029)
Veronica Burton,EXTREME,"['EXTREME volatility in PTS (CV: 0.579)', 'EXTREME volatility in REB (CV: 0.624)', 'EXTREME volatility in AST (CV: 0.574)', 'EXTREME volatility in STL (CV: 1.008)', 'EXTREME volatility in BLK (CV: 1.291)', 'EXTREME volatility in FG3M (CV: 1.430)', 'EXTREME volatility in FGM (CV: 0.737)', 'EXTREME volatility in FTM (CV: 0.525)']",EXTREME volatility in PTS (CV: 0.579) | EXTREME volatility in REB (CV: 0.624) | EXTREME volatility in AST (CV: 0.574) | EXTREME volatility in STL (CV: 1.008) | EXTREME volatility in BLK (CV: 1.291) | EXTREME volatility in FG3M (CV: 1.430) | EXTREME volatility in FGM (CV: 0.737) | EXTREME volatility in FTM (CV: 0.525)
Odyssey Sims,EXTREME,"['EXTREME volatility in PTS (CV: 0.885)', 'EXTREME volatility in STL (CV: 1.149)', 'EXTREME volatility in FG3M (CV: 1.165)', 'EXTREME volatility in FGM (CV: 0.855)', 'EXTREME volatility in FTM (CV: 1.124)']",EXTREME volatility in PTS (CV: 0.885) | EXTREME volatility in STL (CV: 1.149) | EXTREME volatility in FG3M (CV: 1.165) | EXTREME volatility in FGM (CV: 0.855) | EXTREME volatility in FTM (CV: 1.124)
Chelsea Gray,EXTREME,"['EXTREME volatility in REB (CV: 0.602)', 'EXTREME volatility in AST (CV: 0.484)', 'EXTREME volatility in STL (CV: 0.734)', 'EXTREME volatility in BLK (CV: 2.250)', 'EXTREME volatility in FG3M (CV: 0.882)', 'EXTREME volatility in FGM (CV: 0.459)', 'EXTREME volatility in FTM (CV: 0.799)']",EXTREME volatility in REB (CV: 0.602) | EXTREME volatility in AST (CV: 0.484) | EXTREME volatility in STL (CV: 0.734) | EXTREME volatility in BLK (CV: 2.250) | EXTREME volatility in FG3M (CV: 0.882) | EXTREME volatility in FGM (CV: 0.459) | EXTREME volatility in FTM (CV: 0.799)
Kennedy Burke,EXTREME,"['EXTREME volatility in PTS (CV: 0.509)', 'EXTREME volatility in REB (CV: 0.685)', 'EXTREME volatility in AST (CV: 0.768)', 'EXTREME volatility in STL (CV: 1.291)', 'EXTREME volatility in BLK (CV: 0.986)', 'EXTREME volatility in FG3M (CV: 0.802)', 'EXTREME volatility in FGM (CV: 0.537)', 'EXTREME volatility in FTM (CV: 1.000)']",EXTREME volatility in PTS (CV: 0.509) | EXTREME volatility in REB (CV: 0.685) | EXTREME volatility in AST (CV: 0.768) | EXTREME volatility in STL (CV: 1.291) | EXTREME volatility in BLK (CV: 0.986) | EXTREME volatility in FG3M (CV: 0.802) | EXTREME volatility in FGM (CV: 0.537) | EXTREME volatility in FTM (CV: 1.000)
Erica Wheeler,EXTREME,"['EXTREME volatility in PTS (CV: 0.550)', 'EXTREME volatility in REB (CV: 0.464)', 'EXTREME volatility in AST (CV: 0.636)', 'EXTREME volatility in STL (CV: 0.964)', 'EXTREME volatility in BLK (CV: 1.291)', 'EXTREME volatility in FG3M (CV: 1.170)', 'EXTREME volatility in FGM (CV: 0.580)', 'EXTREME volatility in FTM (CV: 0.903)']",EXTREME volatility in PTS (CV: 0.550) | EXTREME volatility in REB (CV: 0.464) | EXTREME volatility in AST (CV: 0.636) | EXTREME volatility in STL (CV: 0.964) | EXTREME volatility in BLK (CV: 1.291) | EXTREME volatility in FG3M (CV: 1.170) | EXTREME volatility in FGM (CV: 0.580) | EXTREME volatility in FTM (CV: 0.903)
Dearica Hamby,EXTREME,"['EXTREME volatility in AST (CV: 0.649)', 'EXTREME volatility in STL (CV: 1.145)', 'EXTREME volatility in BLK (CV: 1.610)', 'EXTREME volatility in FG3M (CV: 1.414)', 'EXTREME volatility in FTM (CV: 0.480)']",EXTREME volatility in AST (CV: 0.649) | EXTREME volatility in STL (CV: 1.145) | EXTREME volatility in BLK (CV: 1.610) | EXTREME volatility in FG3M (CV: 1.414) | EXTREME volatility in FTM (CV: 0.480)
Nyara Sabally,EXTREME,"['EXTREME volatility in PTS (CV: 0.483)', 'EXTREME volatility in REB (CV: 0.471)', 'EXTREME volatility in AST (CV: 0.791)', 'EXTREME volatility in STL (CV: 0.838)', 'EXTREME volatility in BLK (CV: 1.414)', 'EXTREME volatility in FGM (CV: 0.574)', 'EXTREME volatility in FTM (CV: 0.882)']",EXTREME volatility in PTS (CV: 0.483) | EXTREME volatility in REB (CV: 0.471) | EXTREME volatility in AST (CV: 0.791) | EXTREME volatility in STL (CV: 0.838) | EXTREME volatility in BLK (CV: 1.414) | EXTREME volatility in FGM (CV: 0.574) | EXTREME volatility in FTM (CV: 0.882)
Gabby Williams,EXTREME,"['EXTREME volatility in AST (CV: 0.491)', 'EXTREME volatility in STL (CV: 0.598)', 'EXTREME volatility in BLK (CV: 1.700)', 'EXTREME volatility in FG3M (CV: 0.650)', 'EXTREME volatility in FTM (CV: 1.848)']",EXTREME volatility in AST (CV: 0.491) | EXTREME volatility in STL (CV: 0.598) | EXTREME volatility in BLK (CV: 1.700) | EXTREME volatility in FG3M (CV: 0.650) | EXTREME volatility in FTM (CV: 1.848)
Jonquel Jones,EXTREME,"['EXTREME volatility in PTS (CV: 0.497)', 'EXTREME volatility in REB (CV: 0.426)', 'EXTREME volatility in AST (CV: 0.801)', 'EXTREME volatility in STL (CV: 1.414)', 'EXTREME volatility in BLK (CV: 0.904)', 'EXTREME volatility in FG3M (CV: 0.648)', 'EXTREME volatility in FGM (CV: 0.482)', 'EXTREME volatility in FTM (CV: 0.938)']",EXTREME volatility in PTS (CV: 0.497) | EXTREME volatility in REB (CV: 0.426) | EXTREME volatility in AST (CV: 0.801) | EXTREME volatility in STL (CV: 1.414) | EXTREME volatility in BLK (CV: 0.904) | EXTREME volatility in FG3M (CV: 0.648) | EXTREME volatility in FGM (CV: 0.482) | EXTREME volatility in FTM (CV: 0.938)
Elizabeth Williams,EXTREME,"['EXTREME volatility in AST (CV: 0.768)', 'EXTREME volatility in STL (CV: 1.291)', 'EXTREME volatility in BLK (CV: 0.973)', 'EXTREME volatility in FGM (CV: 0.542)', 'EXTREME volatility in FTM (CV: 0.964)']",EXTREME volatility in AST (CV: 0.768) | EXTREME volatility in STL (CV: 1.291) | EXTREME volatility in BLK (CV: 0.973) | EXTREME volatility in FGM (CV: 0.542) | EXTREME volatility in FTM (CV: 0.964)
Betnijah Laney-Hamilton,EXTREME,"['EXTREME volatility in PTS (CV: 0.450)', 'EXTREME volatility in REB (CV: 0.570)', 'EXTREME volatility in AST (CV: 0.470)', 'EXTREME volatility in STL (CV: 1.513)', 'EXTREME volatility in FG3M (CV: 0.768)', 'EXTREME volatility in FGM (CV: 0.461)', 'EXTREME volatility in FTM (CV: 1.054)']",EXTREME volatility in PTS (CV: 0.450) | EXTREME volatility in REB (CV: 0.570) | EXTREME volatility in AST (CV: 0.470) | EXTREME volatility in STL (CV: 1.513) | EXTREME volatility in FG3M (CV: 0.768) | EXTREME volatility in FGM (CV: 0.461) | EXTREME volatility in FTM (CV: 1.054)
DiJonai Carrington,EXTREME,"['EXTREME volatility in REB (CV: 0.451)', 'EXTREME volatility in AST (CV: 0.940)', 'EXTREME volatility in STL (CV: 0.730)', 'EXTREME volatility in BLK (CV: 1.414)', 'EXTREME volatility in FG3M (CV: 1.000)', 'EXTREME volatility in FGM (CV: 0.449)', 'EXTREME volatility in FTM (CV: 0.648)']",EXTREME volatility in REB (CV: 0.451) | EXTREME volatility in AST (CV: 0.940) | EXTREME volatility in STL (CV: 0.730) | EXTREME volatility in BLK (CV: 1.414) | EXTREME volatility in FG3M (CV: 1.000) | EXTREME volatility in FGM (CV: 0.449) | EXTREME volatility in FTM (CV: 0.648)
Kayla Thornton,EXTREME,"['EXTREME volatility in REB (CV: 0.442)', 'EXTREME volatility in AST (CV: 0.516)', 'EXTREME volatility in STL (CV: 0.721)', 'EXTREME volatility in BLK (CV: 2.108)', 'EXTREME volatility in FG3M (CV: 0.791)', 'EXTREME volatility in FTM (CV: 0.685)']",EXTREME volatility in REB (CV: 0.442) | EXTREME volatility in AST (CV: 0.516) | EXTREME volatility in STL (CV: 0.721) | EXTREME volatility in BLK (CV: 2.108) | EXTREME volatility in FG3M (CV: 0.791) | EXTREME volatility in FTM (CV: 0.685)
Marina Mabrey,EXTREME,"['EXTREME volatility in PTS (CV: 0.489)', 'EXTREME volatility in REB (CV: 0.487)', 'EXTREME volatility in AST (CV: 0.552)', 'EXTREME volatility in STL (CV: 1.414)', 'EXTREME volatility in BLK (CV: 1.291)', 'EXTREME volatility in FG3M (CV: 0.499)', 'EXTREME volatility in FGM (CV: 0.519)', 'EXTREME volatility in FTM (CV: 0.736)']",EXTREME volatility in PTS (CV: 0.489) | EXTREME volatility in REB (CV: 0.487) | EXTREME volatility in AST (CV: 0.552) | EXTREME volatility in STL (CV: 1.414) | EXTREME volatility in BLK (CV: 1.291) | EXTREME volatility in FG3M (CV: 0.499) | EXTREME volatility in FGM (CV: 0.519) | EXTREME volatility in FTM (CV: 0.736)
Breanna Stewart,EXTREME,"['EXTREME volatility in REB (CV: 0.580)', 'EXTREME volatility in AST (CV: 0.508)', 'EXTREME volatility in STL (CV: 0.904)', 'EXTREME volatility in BLK (CV: 0.766)', 'EXTREME volatility in FG3M (CV: 1.748)', 'EXTREME volatility in FGM (CV: 0.430)', 'EXTREME volatility in FTM (CV: 0.633)']",EXTREME volatility in REB (CV: 0.580) | EXTREME volatility in AST (CV: 0.508) | EXTREME volatility in STL (CV: 0.904) | EXTREME volatility in BLK (CV: 0.766) | EXTREME volatility in FG3M (CV: 1.748) | EXTREME volatility in FGM (CV: 0.430) | EXTREME volatility in FTM (CV: 0.633)
Caitlin Clark,EXTREME,"['EXTREME volatility in PTS (CV: 0.415)', 'EXTREME volatility in REB (CV: 0.447)', 'EXTREME volatility in STL (CV: 0.904)', 'EXTREME volatility in BLK (CV: 2.250)', 'EXTREME volatility in FG3M (CV: 0.686)', 'EXTREME volatility in FTM (CV: 0.570)']",EXTREME volatility in PTS (CV: 0.415) | EXTREME volatility in REB (CV: 0.447) | EXTREME volatility in STL (CV: 0.904) | EXTREME volatility in BLK (CV: 2.250) | EXTREME volatility in FG3M (CV: 0.686) | EXTREME volatility in FTM (CV: 0.570)
Sonia Citron,EXTREME,"['EXTREME volatility in REB (CV: 0.559)', 'EXTREME volatility in AST (CV: 0.782)', 'EXTREME volatility in STL (CV: 0.973)', 'EXTREME volatility in BLK (CV: 1.291)', 'EXTREME volatility in FG3M (CV: 1.029)', 'EXTREME volatility in FTM (CV: 0.654)']",EXTREME volatility in REB (CV: 0.559) | EXTREME volatility in AST (CV: 0.782) | EXTREME volatility in STL (CV: 0.973) | EXTREME volatility in BLK (CV: 1.291) | EXTREME volatility in FG3M (CV: 1.029) | EXTREME volatility in FTM (CV: 0.654)
Brittney Sykes,EXTREME,"['EXTREME volatility in PTS (CV: 0.422)', 'EXTREME volatility in REB (CV: 0.482)', 'EXTREME volatility in STL (CV: 0.943)', 'EXTREME volatility in BLK (CV: 1.748)', 'EXTREME volatility in FG3M (CV: 0.943)', 'EXTREME volatility in FGM (CV: 0.502)', 'EXTREME volatility in FTM (CV: 0.418)']",EXTREME volatility in PTS (CV: 0.422) | EXTREME volatility in REB (CV: 0.482) | EXTREME volatility in STL (CV: 0.943) | EXTREME volatility in BLK (CV: 1.748) | EXTREME volatility in FG3M (CV: 0.943) | EXTREME volatility in FGM (CV: 0.502) | EXTREME volatility in FTM (CV: 0.418)
Kahleah Copper,EXTREME,"['EXTREME volatility in PTS (CV: 0.454)', 'EXTREME volatility in REB (CV: 0.402)', 'EXTREME volatility in AST (CV: 0.900)', 'EXTREME volatility in STL (CV: 1.165)', 'EXTREME volatility in FG3M (CV: 0.730)', 'EXTREME volatility in FGM (CV: 0.408)', 'EXTREME volatility in FTM (CV: 0.943)']",EXTREME volatility in PTS (CV: 0.454) | EXTREME volatility in REB (CV: 0.402) | EXTREME volatility in AST (CV: 0.900) | EXTREME volatility in STL (CV: 1.165) | EXTREME volatility in FG3M (CV: 0.730) | EXTREME volatility in FGM (CV: 0.408) | EXTREME volatility in FTM (CV: 0.943)
Ariel Atkins,EXTREME,"['EXTREME volatility in PTS (CV: 0.510)', 'EXTREME volatility in REB (CV: 0.438)', 'EXTREME volatility in AST (CV: 0.617)', 'EXTREME volatility in STL (CV: 0.631)', 'EXTREME volatility in BLK (CV: 1.291)', 'EXTREME volatility in FG3M (CV: 0.846)', 'EXTREME volatility in FGM (CV: 0.483)', 'EXTREME volatility in FTM (CV: 0.838)']",EXTREME volatility in PTS (CV: 0.510) | EXTREME volatility in REB (CV: 0.438) | EXTREME volatility in AST (CV: 0.617) | EXTREME volatility in STL (CV: 0.631) | EXTREME volatility in BLK (CV: 1.291) | EXTREME volatility in FG3M (CV: 0.846) | EXTREME volatility in FGM (CV: 0.483) | EXTREME volatility in FTM (CV: 0.838)
Ezi Magbegor,EXTREME,"['EXTREME volatility in AST (CV: 0.489)', 'EXTREME volatility in STL (CV: 1.748)', 'EXTREME volatility in BLK (CV: 0.721)', 'EXTREME volatility in FTM (CV: 1.165)', 'High overall volatility but stable in: REB']",EXTREME volatility in AST (CV: 0.489) | EXTREME volatility in STL (CV: 1.748) | EXTREME volatility in BLK (CV: 0.721) | EXTREME volatility in FTM (CV: 1.165) | High overall volatility but stable in: REB
Kelsey Plum,EXTREME,"['EXTREME volatility in REB (CV: 0.578)', 'EXTREME volatility in AST (CV: 0.463)', 'EXTREME volatility in STL (CV: 1.075)', 'EXTREME volatility in BLK (CV: 1.610)', 'EXTREME volatility in FG3M (CV: 0.677)', 'EXTREME volatility in FGM (CV: 0.401)', 'EXTREME volatility in FTM (CV: 0.476)']",EXTREME volatility in REB (CV: 0.578) | EXTREME volatility in AST (CV: 0.463) | EXTREME volatility in STL (CV: 1.075) | EXTREME volatility in BLK (CV: 1.610) | EXTREME volatility in FG3M (CV: 0.677) | EXTREME volatility in FGM (CV: 0.401) | EXTREME volatility in FTM (CV: 0.476)
Jackie Young,EXTREME,"['EXTREME volatility in PTS (CV: 0.472)', 'EXTREME volatility in REB (CV: 0.505)', 'EXTREME volatility in STL (CV: 0.904)', 'EXTREME volatility in BLK (CV: 1.291)', 'EXTREME volatility in FG3M (CV: 0.677)', 'EXTREME volatility in FGM (CV: 0.524)', 'EXTREME volatility in FTM (CV: 0.820)']",EXTREME volatility in PTS (CV: 0.472) | EXTREME volatility in REB (CV: 0.505) | EXTREME volatility in STL (CV: 0.904) | EXTREME volatility in BLK (CV: 1.291) | EXTREME volatility in FG3M (CV: 0.677) | EXTREME volatility in FGM (CV: 0.524) | EXTREME volatility in FTM (CV: 0.820)
Skylar Diggins,EXTREME,"['EXTREME volatility in REB (CV: 0.792)', 'EXTREME volatility in AST (CV: 0.545)', 'EXTREME volatility in STL (CV: 0.657)', 'EXTREME volatility in BLK (CV: 1.414)', 'EXTREME volatility in FG3M (CV: 1.006)', 'EXTREME volatility in FTM (CV: 0.482)']",EXTREME volatility in REB (CV: 0.792) | EXTREME volatility in AST (CV: 0.545) | EXTREME volatility in STL (CV: 0.657) | EXTREME volatility in BLK (CV: 1.414) | EXTREME volatility in FG3M (CV: 1.006) | EXTREME volatility in FTM (CV: 0.482)
Bria Hartley,EXTREME,"['EXTREME volatility in REB (CV: 0.900)', 'EXTREME volatility in AST (CV: 0.586)', 'EXTREME volatility in STL (CV: 0.943)', 'EXTREME volatility in FG3M (CV: 0.816)', 'EXTREME volatility in FGM (CV: 0.451)', 'EXTREME volatility in FTM (CV: 0.768)']",EXTREME volatility in REB (CV: 0.900) | EXTREME volatility in AST (CV: 0.586) | EXTREME volatility in STL (CV: 0.943) | EXTREME volatility in FG3M (CV: 0.816) | EXTREME volatility in FGM (CV: 0.451) | EXTREME volatility in FTM (CV: 0.768)
Nneka Ogwumike,EXTREME,"['EXTREME volatility in PTS (CV: 0.403)', 'EXTREME volatility in REB (CV: 0.422)', 'EXTREME volatility in AST (CV: 0.717)', 'EXTREME volatility in STL (CV: 0.671)', 'EXTREME volatility in BLK (CV: 1.414)', 'EXTREME volatility in FG3M (CV: 0.816)', 'EXTREME volatility in FGM (CV: 0.448)', 'EXTREME volatility in FTM (CV: 0.499)']",EXTREME volatility in PTS (CV: 0.403) | EXTREME volatility in REB (CV: 0.422) | EXTREME volatility in AST (CV: 0.717) | EXTREME volatility in STL (CV: 0.671) | EXTREME volatility in BLK (CV: 1.414) | EXTREME volatility in FG3M (CV: 0.816) | EXTREME volatility in FGM (CV: 0.448) | EXTREME volatility in FTM (CV: 0.499)
Sabrina Ionescu,EXTREME,"['EXTREME volatility in PTS (CV: 0.435)', 'EXTREME volatility in REB (CV: 0.559)', 'EXTREME volatility in STL (CV: 0.786)', 'EXTREME volatility in BLK (CV: 1.700)', 'EXTREME volatility in FG3M (CV: 0.602)', 'EXTREME volatility in FGM (CV: 0.449)', 'EXTREME volatility in FTM (CV: 0.585)']",EXTREME volatility in PTS (CV: 0.435) | EXTREME volatility in REB (CV: 0.559) | EXTREME volatility in STL (CV: 0.786) | EXTREME volatility in BLK (CV: 1.700) | EXTREME volatility in FG3M (CV: 0.602) | EXTREME volatility in FGM (CV: 0.449) | EXTREME volatility in FTM (CV: 0.585)
Allisha Gray,EXTREME,"['EXTREME volatility in STL (CV: 0.946)', 'EXTREME volatility in BLK (CV: 1.610)', 'EXTREME volatility in FG3M (CV: 0.852)', 'EXTREME volatility in FTM (CV: 0.566)']",EXTREME volatility in STL (CV: 0.946) | EXTREME volatility in BLK (CV: 1.610) | EXTREME volatility in FG3M (CV: 0.852) | EXTREME volatility in FTM (CV: 0.566)
Rhyne Howard,EXTREME,"['EXTREME volatility in PTS (CV: 0.567)', 'EXTREME volatility in REB (CV: 0.479)', 'EXTREME volatility in AST (CV: 0.563)', 'EXTREME volatility in STL (CV: 0.648)', 'EXTREME volatility in BLK (CV: 0.820)', 'EXTREME volatility in FG3M (CV: 0.757)', 'EXTREME volatility in FGM (CV: 0.619)', 'EXTREME volatility in FTM (CV: 0.667)']",EXTREME volatility in PTS (CV: 0.567) | EXTREME volatility in REB (CV: 0.479) | EXTREME volatility in AST (CV: 0.563) | EXTREME volatility in STL (CV: 0.648) | EXTREME volatility in BLK (CV: 0.820) | EXTREME volatility in FG3M (CV: 0.757) | EXTREME volatility in FGM (CV: 0.619) | EXTREME volatility in FTM (CV: 0.667)
Kayla McBride,EXTREME,"['EXTREME volatility in REB (CV: 0.656)', 'EXTREME volatility in AST (CV: 0.508)', 'EXTREME volatility in STL (CV: 0.527)', 'EXTREME volatility in FG3M (CV: 0.625)', 'EXTREME volatility in FGM (CV: 0.466)', 'EXTREME volatility in FTM (CV: 0.952)']",EXTREME volatility in REB (CV: 0.656) | EXTREME volatility in AST (CV: 0.508) | EXTREME volatility in STL (CV: 0.527) | EXTREME volatility in FG3M (CV: 0.625) | EXTREME volatility in FGM (CV: 0.466) | EXTREME volatility in FTM (CV: 0.952)
A'ja Wilson,EXTREME,"['EXTREME volatility in STL (CV: 0.682)', 'EXTREME volatility in BLK (CV: 0.582)', 'EXTREME volatility in FG3M (CV: 1.291)', 'EXTREME volatility in FGM (CV: 0.470)', 'EXTREME volatility in FTM (CV: 0.579)']",EXTREME volatility in STL (CV: 0.682) | EXTREME volatility in BLK (CV: 0.582) | EXTREME volatility in FG3M (CV: 1.291) | EXTREME volatility in FGM (CV: 0.470) | EXTREME volatility in FTM (CV: 0.579)
Alyssa Thomas,EXTREME,"['EXTREME volatility in STL (CV: 0.527)', 'EXTREME volatility in BLK (CV: 1.176)', 'EXTREME volatility in FTM (CV: 0.736)']",EXTREME volatility in STL (CV: 0.527) | EXTREME volatility in BLK (CV: 1.176) | EXTREME volatility in FTM (CV: 0.736)
Satou Sabally,EXTREME,"['EXTREME volatility in AST (CV: 0.467)', 'EXTREME volatility in STL (CV: 0.846)', 'EXTREME volatility in BLK (CV: 1.291)', 'EXTREME volatility in FG3M (CV: 0.736)', 'EXTREME volatility in FTM (CV: 0.426)', 'High overall volatility but stable in: REB']",EXTREME volatility in AST (CV: 0.467) | EXTREME volatility in STL (CV: 0.846) | EXTREME volatility in BLK (CV: 1.291) | EXTREME volatility in FG3M (CV: 0.736) | EXTREME volatility in FTM (CV: 0.426) | High overall volatility but stable in: REB
Napheesa Collier,EXTREME,"['EXTREME volatility in STL (CV: 0.745)', 'EXTREME volatility in BLK (CV: 0.734)', 'EXTREME volatility in FG3M (CV: 0.791)', 'EXTREME volatility in FTM (CV: 0.648)']",EXTREME volatility in STL (CV: 0.745) | EXTREME volatility in BLK (CV: 0.734) | EXTREME volatility in FG3M (CV: 0.791) | EXTREME volatility in FTM (CV: 0.648)
