A,https://www.basketball-reference.com/wnba/players/a/,nan,No table found or empty stats.
Seimone Augustus,https://www.basketball-reference.com/wnba/players/a/augusse01w.html,augusse01w,No table found or empty stats.
Ariel Atkins,https://www.basketball-reference.com/wnba/players/a/atkinar01w.html,atkinar01w,No table found or empty stats.
Svetlana Abrosimova,https://www.basketball-reference.com/wnba/players/a/abrossv01w.html,abrossv01w,No table found or empty stats.
Janeth Arcain,https://www.basketball-reference.com/wnba/players/a/arcaija01w.html,arcaija01w,No table found or empty stats.
Matee Ajavon,https://www.basketball-reference.com/wnba/players/a/ajavoma01w.html,ajavoma01w,No table found or empty stats.
Danielle Adams,https://www.basketball-reference.com/wnba/players/a/adamsda01w.html,adamsda01w,No table found or empty stats.
B,https://www.basketball-reference.com/wnba/players/b/,nan,No table found or empty stats.
DeWanna Bonner,https://www.basketball-reference.com/wnba/players/b/bonnede01w.html,bonnede01w,No table found or empty stats.
Sue Bird,https://www.basketball-reference.com/wnba/players/b/birdsu01w.html,birdsu01w,No table found or empty stats.
Rebekkah Brunson,https://www.basketball-reference.com/wnba/players/b/brunsre01w.html,brunsre01w,No table found or empty stats.
Alana Beard,https://www.basketball-reference.com/wnba/players/b/beardal01w.html,beardal01w,No table found or empty stats.
Kara Braxton,https://www.basketball-reference.com/wnba/players/b/braxtka01w.html,braxtka01w,No table found or empty stats.
Jessica Breland,https://www.basketball-reference.com/wnba/players/b/brelaje01w.html,brelaje01w,No table found or empty stats.
C,https://www.basketball-reference.com/wnba/players/c/,nan,No table found or empty stats.
Tina Charles,https://www.basketball-reference.com/wnba/players/c/charlti01w.html,charlti01w,No table found or empty stats.
Tamika Catchings,https://www.basketball-reference.com/wnba/players/c/catchta01w.html,catchta01w,No table found or empty stats.
Swin Cash,https://www.basketball-reference.com/wnba/players/c/cashsw01w.html,cashsw01w,No table found or empty stats.
Monique Currie,https://www.basketball-reference.com/wnba/players/c/currimo01w.html,currimo01w,No table found or empty stats.
Kahleah Copper,https://www.basketball-reference.com/wnba/players/c/coppeka01w.html,coppeka01w,No table found or empty stats.
Natasha Cloud,https://www.basketball-reference.com/wnba/players/c/cloudna01w.html,cloudna01w,No table found or empty stats.
D,https://www.basketball-reference.com/wnba/players/d/,nan,No table found or empty stats.
Candice Dupree,https://www.basketball-reference.com/wnba/players/d/dupreca01w.html,dupreca01w,No table found or empty stats.
Katie Douglas,https://www.basketball-reference.com/wnba/players/d/douglka01w.html,douglka01w,No table found or empty stats.
Skylar Diggins-Smith,https://www.basketball-reference.com/wnba/players/d/diggisk01w.html,diggisk01w,No table found or empty stats.
Elena Delle Donne,https://www.basketball-reference.com/wnba/players/d/delleel01w.html,delleel01w,No table found or empty stats.
Margo Dydek,https://www.basketball-reference.com/wnba/players/d/dydekma01w.html,dydekma01w,No table found or empty stats.
Erika de Souza,https://www.basketball-reference.com/wnba/players/d/desouer01w.html,desouer01w,No table found or empty stats.
E,https://www.basketball-reference.com/wnba/players/e/,nan,No table found or empty stats.
Simone Edwards,https://www.basketball-reference.com/wnba/players/e/edwarsi01w.html,edwarsi01w,No table found or empty stats.
Tonya Edwards,https://www.basketball-reference.com/wnba/players/e/edwarto01w.html,edwarto01w,No table found or empty stats.
Shalonda Enis,https://www.basketball-reference.com/wnba/players/e/enissh01w.html,enissh01w,No table found or empty stats.
Dana Evans,https://www.basketball-reference.com/wnba/players/e/evansda02w.html,evansda02w,No table found or empty stats.
Michelle Edwards,https://www.basketball-reference.com/wnba/players/e/edwarmi01w.html,edwarmi01w,No table found or empty stats.
Shyra Ely-Gash,https://www.basketball-reference.com/wnba/players/e/elysh01w.html,elysh01w,No table found or empty stats.
F,https://www.basketball-reference.com/wnba/players/f/,nan,No table found or empty stats.
Sylvia Fowles,https://www.basketball-reference.com/wnba/players/f/fowlesy01w.html,fowlesy01w,No table found or empty stats.
Marie Ferdinand-Harris,https://www.basketball-reference.com/wnba/players/f/ferdima01w.html,ferdima01w,No table found or empty stats.
Cheryl Ford,https://www.basketball-reference.com/wnba/players/f/fordch01w.html,fordch01w,No table found or empty stats.
Allison Feaster,https://www.basketball-reference.com/wnba/players/f/feastal01w.html,feastal01w,No table found or empty stats.
Barbara Farris,https://www.basketball-reference.com/wnba/players/f/farriba01w.html,farriba01w,No table found or empty stats.
Ukari Figgs,https://www.basketball-reference.com/wnba/players/f/figgsuk01w.html,figgsuk01w,No table found or empty stats.
G,https://www.basketball-reference.com/wnba/players/g/,nan,No table found or empty stats.
Brittney Griner,https://www.basketball-reference.com/wnba/players/g/grinebr01w.html,grinebr01w,No table found or empty stats.
Yolanda Griffith,https://www.basketball-reference.com/wnba/players/g/griffyo01w.html,griffyo01w,No table found or empty stats.
Chelsea Gray,https://www.basketball-reference.com/wnba/players/g/graych01w.html,graych01w,No table found or empty stats.
Allisha Gray,https://www.basketball-reference.com/wnba/players/g/grayal01w.html,grayal01w,No table found or empty stats.
Adrienne Goodson,https://www.basketball-reference.com/wnba/players/g/goodsad01w.html,goodsad01w,No table found or empty stats.
Jennifer Gillom,https://www.basketball-reference.com/wnba/players/g/gilloje01w.html,gilloje01w,No table found or empty stats.
H,https://www.basketball-reference.com/wnba/players/h/,nan,No table found or empty stats.
Becky Hammon,https://www.basketball-reference.com/wnba/players/h/hammobe01w.html,hammobe01w,No table found or empty stats.
Chamique Holdsclaw,https://www.basketball-reference.com/wnba/players/h/holdsch01w.html,holdsch01w,No table found or empty stats.
Tiffany Hayes,https://www.basketball-reference.com/wnba/players/h/hayesti01w.html,hayesti01w,No table found or empty stats.
Natasha Howard,https://www.basketball-reference.com/wnba/players/h/howarna01w.html,howarna01w,No table found or empty stats.
Dearica Hamby,https://www.basketball-reference.com/wnba/players/h/hambyde01w.html,hambyde01w,No table found or empty stats.
Lindsey Harding,https://www.basketball-reference.com/wnba/players/h/hardili01w.html,hardili01w,No table found or empty stats.
I,https://www.basketball-reference.com/wnba/players/i/,nan,No table found or empty stats.
Sabrina Ionescu,https://www.basketball-reference.com/wnba/players/i/ionessa01w.html,ionessa01w,No table found or empty stats.
Niele Ivey,https://www.basketball-reference.com/wnba/players/i/iveyni01w.html,iveyni01w,No table found or empty stats.
Dalma Ivanyi,https://www.basketball-reference.com/wnba/players/i/ivanyda01w.html,ivanyda01w,No table found or empty stats.
Sandora Irvin,https://www.basketball-reference.com/wnba/players/i/irvinsa01w.html,irvinsa01w,No table found or empty stats.
Kiki Iriafen,https://www.basketball-reference.com/wnba/players/i/iriafki01w.html,iriafki01w,No table found or empty stats.
Ify Ibekwe,https://www.basketball-reference.com/wnba/players/i/ibekwif01w.html,ibekwif01w,No table found or empty stats.
J,https://www.basketball-reference.com/wnba/players/j/,nan,No table found or empty stats.
Lauren Jackson,https://www.basketball-reference.com/wnba/players/j/jacksla01w.html,jacksla01w,No table found or empty stats.
Vickie Johnson,https://www.basketball-reference.com/wnba/players/j/johnsvi01w.html,johnsvi01w,No table found or empty stats.
Jonquel Jones,https://www.basketball-reference.com/wnba/players/j/jonesjo01w.html,jonesjo01w,No table found or empty stats.
Asjha Jones,https://www.basketball-reference.com/wnba/players/j/jonesas01w.html,jonesas01w,No table found or empty stats.
Shannon Johnson,https://www.basketball-reference.com/wnba/players/j/johnssh01w.html,johnssh01w,No table found or empty stats.
Briann January,https://www.basketball-reference.com/wnba/players/j/januabr01w.html,januabr01w,No table found or empty stats.
K,https://www.basketball-reference.com/wnba/players/k/,nan,No table found or empty stats.
Cathrine Kraayeveld,https://www.basketball-reference.com/wnba/players/k/kraayca01w.html,kraayca01w,No table found or empty stats.
Lynetta Kizer,https://www.basketball-reference.com/wnba/players/k/kizerly01w.html,kizerly01w,No table found or empty stats.
Crystal Kelly,https://www.basketball-reference.com/wnba/players/k/kellycr01w.html,kellycr01w,No table found or empty stats.
Awak Kuier,https://www.basketball-reference.com/wnba/players/k/kuieraw01w.html,kuieraw01w,No table found or empty stats.
Laurie Koehn,https://www.basketball-reference.com/wnba/players/k/koehnla01w.html,koehnla01w,No table found or empty stats.
Jae Kingi-Cross,https://www.basketball-reference.com/wnba/players/k/kingija01w.html,kingija01w,No table found or empty stats.
L,https://www.basketball-reference.com/wnba/players/l/,nan,No table found or empty stats.
Lisa Leslie,https://www.basketball-reference.com/wnba/players/l/leslili01w.html,leslili01w,No table found or empty stats.
Jewell Loyd,https://www.basketball-reference.com/wnba/players/l/loydje01w.html,loydje01w,No table found or empty stats.
Crystal Langhorne,https://www.basketball-reference.com/wnba/players/l/langhcr01w.html,langhcr01w,No table found or empty stats.
Sancho Lyttle,https://www.basketball-reference.com/wnba/players/l/lyttlsa01w.html,lyttlsa01w,No table found or empty stats.
Betty Lennox,https://www.basketball-reference.com/wnba/players/l/lennobe01w.html,lennobe01w,No table found or empty stats.
Kara Lawson,https://www.basketball-reference.com/wnba/players/l/lawsoka01w.html,lawsoka01w,No table found or empty stats.
M,https://www.basketball-reference.com/wnba/players/m/,nan,No table found or empty stats.
DeLisha Milton-Jones,https://www.basketball-reference.com/wnba/players/m/miltode01w.html,miltode01w,No table found or empty stats.
Taj McWilliams-Franklin,https://www.basketball-reference.com/wnba/players/m/mcwilta01w.html,mcwilta01w,No table found or empty stats.
Angel McCoughtry,https://www.basketball-reference.com/wnba/players/m/mccouan01w.html,mccouan01w,No table found or empty stats.
Maya Moore,https://www.basketball-reference.com/wnba/players/m/moorema01w.html,moorema01w,No table found or empty stats.
Kayla McBride,https://www.basketball-reference.com/wnba/players/m/mcbrika01w.html,mcbrika01w,No table found or empty stats.
Chasity Melvin,https://www.basketball-reference.com/wnba/players/m/melvich01w.html,melvich01w,No table found or empty stats.
N,https://www.basketball-reference.com/wnba/players/n/,nan,No table found or empty stats.
Deanna Nolan,https://www.basketball-reference.com/wnba/players/n/nolande01w.html,nolande01w,No table found or empty stats.
Kia Nurse,https://www.basketball-reference.com/wnba/players/n/nurseki01w.html,nurseki01w,No table found or empty stats.
Astou Ndiaye-Diatta,https://www.basketball-reference.com/wnba/players/n/ndiayas01w.html,ndiayas01w,No table found or empty stats.
Eva Nemcova,https://www.basketball-reference.com/wnba/players/n/nemcoev01w.html,nemcoev01w,No table found or empty stats.
Chelsea Newton,https://www.basketball-reference.com/wnba/players/n/newtoch01w.html,newtoch01w,No table found or empty stats.
Astou Ndour-Fall,https://www.basketball-reference.com/wnba/players/n/ndouras01w.html,ndouras01w,No table found or empty stats.
O,https://www.basketball-reference.com/wnba/players/o/,nan,No table found or empty stats.
Nneka Ogwumike,https://www.basketball-reference.com/wnba/players/o/ogwumnn01w.html,ogwumnn01w,No table found or empty stats.
Arike Ogunbowale,https://www.basketball-reference.com/wnba/players/o/ogunbar01w.html,ogunbar01w,No table found or empty stats.
Nicole Ohlde,https://www.basketball-reference.com/wnba/players/o/ohldeni01w.html,ohldeni01w,No table found or empty stats.
Chiney Ogwumike,https://www.basketball-reference.com/wnba/players/o/ogwumch01w.html,ogwumch01w,No table found or empty stats.
Michaela Onyenwere,https://www.basketball-reference.com/wnba/players/o/onyenmi01w.html,onyenmi01w,No table found or empty stats.
Jenna O'Hea,https://www.basketball-reference.com/wnba/players/o/oheaje01w.html,oheaje01w,No table found or empty stats.
P,https://www.basketball-reference.com/wnba/players/p/,nan,No table found or empty stats.
Candace Parker,https://www.basketball-reference.com/wnba/players/p/parkeca01w.html,parkeca01w,No table found or empty stats.
Cappie Pondexter,https://www.basketball-reference.com/wnba/players/p/pondeca01w.html,pondeca01w,No table found or empty stats.
Ticha Penicheiro,https://www.basketball-reference.com/wnba/players/p/penicti01w.html,penicti01w,No table found or empty stats.
Plenette Pierson,https://www.basketball-reference.com/wnba/players/p/pierspl01w.html,pierspl01w,No table found or empty stats.
Jia Perkins,https://www.basketball-reference.com/wnba/players/p/perkiji01w.html,perkiji01w,No table found or empty stats.
Nicole Powell,https://www.basketball-reference.com/wnba/players/p/powelni01w.html,powelni01w,No table found or empty stats.
Q,https://www.basketball-reference.com/wnba/players/q/,nan,No table found or empty stats.
Allie Quigley,https://www.basketball-reference.com/wnba/players/q/quiglal01w.html,quiglal01w,No table found or empty stats.
Noelle Quinn,https://www.basketball-reference.com/wnba/players/q/quinnno01w.html,quinnno01w,No table found or empty stats.
Texlin Quinney,https://www.basketball-reference.com/wnba/players/q/quinnte01w.html,quinnte01w,No table found or empty stats.
JJ Quinerly,https://www.basketball-reference.com/wnba/players/q/quinejj01w.html,quinejj01w,No table found or empty stats.
Brooke Queenan,https://www.basketball-reference.com/wnba/players/q/queenbr01w.html,queenbr01w,No table found or empty stats.
R,https://www.basketball-reference.com/wnba/players/r/,nan,No table found or empty stats.
Danielle Robinson,https://www.basketball-reference.com/wnba/players/r/robinda01w.html,robinda01w,No table found or empty stats.
Ruth Riley,https://www.basketball-reference.com/wnba/players/r/rileyru01w.html,rileyru01w,No table found or empty stats.
Crystal Robinson,https://www.basketball-reference.com/wnba/players/r/robincr01w.html,robincr01w,No table found or empty stats.
Sugar Rodgers,https://www.basketball-reference.com/wnba/players/r/rodgesu01w.html,rodgesu01w,No table found or empty stats.
Tierra Ruffin-Pratt,https://www.basketball-reference.com/wnba/players/r/ruffiti01w.html,ruffiti01w,No table found or empty stats.
Kristen Rasmussen,https://www.basketball-reference.com/wnba/players/r/rasmukr01w.html,rasmukr01w,No table found or empty stats.
S,https://www.basketball-reference.com/wnba/players/s/,nan,No table found or empty stats.
Katie Smith,https://www.basketball-reference.com/wnba/players/s/smithka01w.html,smithka01w,No table found or empty stats.
Breanna Stewart,https://www.basketball-reference.com/wnba/players/s/stewabr01w.html,stewabr01w,No table found or empty stats.
Tangela Smith,https://www.basketball-reference.com/wnba/players/s/smithta01w.html,smithta01w,No table found or empty stats.
Sheryl Swoopes,https://www.basketball-reference.com/wnba/players/s/swoopsh01w.html,swoopsh01w,No table found or empty stats.
Michelle Snow,https://www.basketball-reference.com/wnba/players/s/snowmi01w.html,snowmi01w,No table found or empty stats.
Camille Smith,https://www.basketball-reference.com/wnba/players/l/littlca01w.html,littlca01w,No table found or empty stats.
T,https://www.basketball-reference.com/wnba/players/t/,nan,No table found or empty stats.
Diana Taurasi,https://www.basketball-reference.com/wnba/players/t/tauradi01w.html,tauradi01w,No table found or empty stats.
Tina Thompson,https://www.basketball-reference.com/wnba/players/t/thompti01w.html,thompti01w,No table found or empty stats.
Alyssa Thomas,https://www.basketball-reference.com/wnba/players/t/thomaal01w.html,thomaal01w,No table found or empty stats.
Penny Taylor,https://www.basketball-reference.com/wnba/players/t/taylope01w.html,taylope01w,No table found or empty stats.
Kristi Toliver,https://www.basketball-reference.com/wnba/players/t/tolivkr01w.html,tolivkr01w,No table found or empty stats.
Jasmine Thomas,https://www.basketball-reference.com/wnba/players/t/thomaja01w.html,thomaja01w,No table found or empty stats.
U,https://www.basketball-reference.com/wnba/players/u/,nan,No table found or empty stats.
Sevgi Uzun,https://www.basketball-reference.com/wnba/players/u/uzunse01w.html,uzunse01w,No table found or empty stats.
Mfon Udoka,https://www.basketball-reference.com/wnba/players/u/udokamf01w.html,udokamf01w,No table found or empty stats.
Petra Ujhelyi,https://www.basketball-reference.com/wnba/players/u/ujhelpe01w.html,ujhelpe01w,No table found or empty stats.
Itoro Umoh-Coleman,https://www.basketball-reference.com/wnba/players/u/umohit01w.html,umohit01w,No table found or empty stats.
V,https://www.basketball-reference.com/wnba/players/v/,nan,No table found or empty stats.
Courtney Vandersloot,https://www.basketball-reference.com/wnba/players/v/vandeco01w.html,vandeco01w,No table found or empty stats.
Kia Vaughn,https://www.basketball-reference.com/wnba/players/v/vaughki01w.html,vaughki01w,No table found or empty stats.
Kamila Vodichkova,https://www.basketball-reference.com/wnba/players/v/vodicka01w.html,vodicka01w,No table found or empty stats.
Victoria Vivians,https://www.basketball-reference.com/wnba/players/v/viviavi01w.html,viviavi01w,No table found or empty stats.
Michele Van Gorp,https://www.basketball-reference.com/wnba/players/v/vangomi01w.html,vangomi01w,No table found or empty stats.
Julie Vanloo,https://www.basketball-reference.com/wnba/players/v/vanloju01w.html,vanloju01w,No table found or empty stats.
W,https://www.basketball-reference.com/wnba/players/w/,nan,No table found or empty stats.
Lindsay Whalen,https://www.basketball-reference.com/wnba/players/w/whaleli01w.html,whaleli01w,No table found or empty stats.
A'ja Wilson,https://www.basketball-reference.com/wnba/players/w/wilsoa01w.html,wilsoa01w,No table found or empty stats.
Courtney Williams,https://www.basketball-reference.com/wnba/players/w/willico01w.html,willico01w,No table found or empty stats.
Tanisha Wright,https://www.basketball-reference.com/wnba/players/w/wrighta01w.html,wrighta01w,No table found or empty stats.
Tamika Whitmore,https://www.basketball-reference.com/wnba/players/w/whitmta01w.html,whitmta01w,No table found or empty stats.
Natalie Williams,https://www.basketball-reference.com/wnba/players/w/willina01w.html,willina01w,No table found or empty stats.
X,https://www.basketball-reference.com/wnba/players/x/,nan,No table found or empty stats.
Han Xu,https://www.basketball-reference.com/wnba/players/x/xuha01w.html,xuha01w,No table found or empty stats.
Marta Xargay,https://www.basketball-reference.com/wnba/players/x/xargama01w.html,xargama01w,No table found or empty stats.
Y,https://www.basketball-reference.com/wnba/players/y/,nan,No table found or empty stats.
Sophia Young-Malcolm,https://www.basketball-reference.com/wnba/players/y/youngso01w.html,youngso01w,No table found or empty stats.
Tamera Young,https://www.basketball-reference.com/wnba/players/y/youngta01w.html,youngta01w,No table found or empty stats.
Jackie Young,https://www.basketball-reference.com/wnba/players/y/youngja01w.html,youngja01w,No table found or empty stats.
Li Yueru,https://www.basketball-reference.com/wnba/players/y/yueruli01w.html,yueruli01w,No table found or empty stats.
Carolyn Young,https://www.basketball-reference.com/wnba/players/y/youngca01w.html,youngca01w,No table found or empty stats.
Toni Young,https://www.basketball-reference.com/wnba/players/y/youngto01w.html,youngto01w,No table found or empty stats.
Z,https://www.basketball-reference.com/wnba/players/z/,nan,No table found or empty stats.
Shavonte Zellous,https://www.basketball-reference.com/wnba/players/z/zellosh01w.html,zellosh01w,No table found or empty stats.
Amanda Zahui B.,https://www.basketball-reference.com/wnba/players/z/zahuiam01w.html,zahuiam01w,No table found or empty stats.
Shanna Zolman,https://www.basketball-reference.com/wnba/players/z/zolmash01w.html,zolmash01w,No table found or empty stats.
Cecilia Zandalasini,https://www.basketball-reference.com/wnba/players/z/zandace01w.html,zandace01w,No table found or empty stats.
Haixia Zheng,https://www.basketball-reference.com/wnba/players/z/zhengha01w.html,zhengha01w,No table found or empty stats.
Francesca Zara,https://www.basketball-reference.com/wnba/players/z/zarafr01w.html,zarafr01w,No table found or empty stats.
